# ************************************************************
# Sequel Pro SQL dump
# Version 4541
#
# http://www.sequelpro.com/
# https://github.com/sequelpro/sequelpro
#
# Host: 127.0.0.1 (MySQL 5.7.17)
# Database: gofox
# Generation Time: 2019-01-07 08:55:21 +0000
# ************************************************************


/*!40101 SET @OLD_CHARACTER_SET_CLIENT=@@CHARACTER_SET_CLIENT */;
/*!40101 SET @OLD_CHARACTER_SET_RESULTS=@@CHARACTER_SET_RESULTS */;
/*!40101 SET @OLD_COLLATION_CONNECTION=@@COLLATION_CONNECTION */;
/*!40101 SET NAMES utf8 */;
/*!40014 SET @OLD_FOREIGN_KEY_CHECKS=@@FOREIGN_KEY_CHECKS, FOREIGN_KEY_CHECKS=0 */;
/*!40101 SET @OLD_SQL_MODE=@@SQL_MODE, SQL_MODE='NO_AUTO_VALUE_ON_ZERO' */;
/*!40111 SET @OLD_SQL_NOTES=@@SQL_NOTES, SQL_NOTES=0 */;


# Dump of table sys_log
# ------------------------------------------------------------

DROP TABLE IF EXISTS `sys_log`;

CREATE TABLE `sys_log` (
  `log_id` int(11) NOT NULL AUTO_INCREMENT,
  `url` varchar(512) COLLATE utf8_unicode_ci NOT NULL DEFAULT '' COMMENT '操作地址',
  `urlfor` varchar(255) COLLATE utf8_unicode_ci DEFAULT NULL,
  `user_id` int(11) NOT NULL DEFAULT '0' COMMENT '用户ID',
  `user_name` varchar(64) COLLATE utf8_unicode_ci NOT NULL DEFAULT '用户名称',
  `form_data` text COLLATE utf8_unicode_ci COMMENT '操作数据',
  `create_time` int(11) NOT NULL DEFAULT '0' COMMENT '操作时间',
  PRIMARY KEY (`log_id`),
  KEY `user_id` (`user_id`)
) ENGINE=MyISAM DEFAULT CHARSET=utf8 COLLATE=utf8_unicode_ci COMMENT='操作日志表';

LOCK TABLES `sys_log` WRITE;
/*!40000 ALTER TABLE `sys_log` DISABLE KEYS */;

INSERT INTO `sys_log` (`log_id`, `url`, `urlfor`, `user_id`, `user_name`, `form_data`, `create_time`)
VALUES
	(1,'/sys_menu/form_modify_sysmenu?menu_id=37',NULL,1,'abc123','{\"menu_id\":[\"37\"]}',0),
	(2,'/sys_menu/save_sysmenu',NULL,1,'abc123','{\"Id\":[\"37\"],\"MenuFuncs\":[\"\"],\"MenuIcon\":[\"\\u0026#xe6ce;\"],\"MenuLevel\":[\"1\"],\"MenuName\":[\"统计管理\"],\"MenuRootid\":[\"0\"],\"MenuStatus\":[\"1\"],\"MenuUrl\":[\"\"]}',0),
	(3,'/sys_menu/list_sysmenu',NULL,1,'abc123','{}',0),
	(4,'/sys_menu/form_modify_sysmenu?menu_id=3','SysMenuController.FormModifySysMenu',1,'abc123','{\"menu_id\":[\"3\"]}',0),
	(5,'/sys_menu/list_sysmenu','SysMenuController.ListSysMenu',1,'abc123','{}',0),
	(6,'/sys_menu/list_sysmenu','SysMenuController.ListSysMenu',1,'abc123','{}',1531476255),
	(7,'/sys_role/list_sysrole','SysRoleController.GetSysRoleListByPage',1,'abc123','{}',1531476266),
	(8,'/sys_role/form_modify_sysrole?role_id=121','SysRoleController.FormModifySysRole',1,'abc123','{\"role_id\":[\"121\"]}',1531476275),
	(9,'/sys_role/save_sysrole','SysRoleController.SaveSysRole',1,'abc123','{\"Intro\":[\"qwwww\"],\"MenuMap\":[\"1,2,2-1,2-4,3,3-2,3-3,21,22,1,\"],\"RoleId\":[\"121\"],\"RoleName\":[\"测试123\"],\"RoleStatus\":[\"1\"]}',1531476282),
	(10,'/sys_role/list_sysrole','SysRoleController.GetSysRoleListByPage',1,'abc123','{}',1531476284),
	(11,'/sys_role/form_modify_sysrole?role_id=121','SysRoleController.FormModifySysRole',1,'abc123','{\"role_id\":[\"121\"]}',1531476286),
	(12,'/sys_home/index','SysHomeController.Index',1,'abc123','{}',1531476668),
	(13,'/sys_home/serverInfo','SysHomeController.ServerInfo',1,'abc123','{}',1531476668),
	(14,'/sys_menu/list_sysmenu','SysMenuController.ListSysMenu',1,'abc123','{}',1531476671),
	(15,'/sys_role/list_sysrole','SysRoleController.GetSysRoleListByPage',1,'abc123','{}',1531476682),
	(16,'/sys_user/login_form','SysUserController.LoginForm',0,'','{}',1531477348),
	(17,'/sys_user/login_action','SysUserController.LoginAction',0,'','{\"password\":[\"abc123\"],\"username\":[\"nihao\"]}',1531477361),
	(18,'/sys_home/index','SysHomeController.Index',2,'nihao','{}',1531477361),
	(19,'/sys_home/serverInfo','SysHomeController.ServerInfo',2,'nihao','{}',1531477361),
	(20,'/sys_menu/list_sysmenu','SysMenuController.ListSysMenu',2,'nihao','{}',1531478078),
	(21,'/sys_home/index','SysHomeController.Index',1,'abc123','{}',1531478360),
	(22,'/sys_home/serverInfo','SysHomeController.ServerInfo',1,'abc123','{}',1531478360),
	(23,'/sys_menu/list_sysmenu','SysMenuController.ListSysMenu',1,'abc123','{}',1531478362),
	(24,'/sys_role/list_sysrole','SysRoleController.GetSysRoleListByPage',1,'abc123','{}',1531478392),
	(25,'/sys_menu/list_sysmenu','SysMenuController.ListSysMenu',1,'abc123','{}',1531478420),
	(26,'/sys_role/list_sysrole','SysRoleController.GetSysRoleListByPage',1,'abc123','{}',1531478686),
	(27,'/sys_user/login_form','SysUserController.LoginForm',0,'','{}',1531723914),
	(28,'/sys_user/login_action','SysUserController.LoginAction',0,'','{\"password\":[\"abc123\"],\"username\":[\"abc123\"]}',1531723919),
	(29,'/sys_home/index','SysHomeController.Index',1,'abc123','{}',1531723919),
	(30,'/sys_home/serverInfo','SysHomeController.ServerInfo',1,'abc123','{}',1531723919),
	(31,'/sys_menu/list_sysmenu','SysMenuController.ListSysMenu',1,'abc123','{}',1531723922),
	(32,'/sys_role/list_sysrole','SysRoleController.GetSysRoleListByPage',1,'abc123','{}',1531724756),
	(33,'/sys_menu/form_modify_sysmenu?menu_id=2','SysMenuController.FormModifySysMenu',1,'abc123','{\"menu_id\":[\"2\"]}',1531724822),
	(34,'/sys_menu/form_modify_sysmenu?menu_id=2','SysMenuController.FormModifySysMenu',1,'abc123','{\"menu_id\":[\"2\"]}',1531724829),
	(35,'/sys_menu/form_modify_sysmenu?menu_id=3','SysMenuController.FormModifySysMenu',1,'abc123','{\"menu_id\":[\"3\"]}',1531725530),
	(36,'/sys_role/list_sysrole','SysRoleController.GetSysRoleListByPage',1,'abc123','{}',1531725538),
	(37,'/sys_role/modify_sysrole_status?role_ids=121&role_status=0','SysRoleController.ModifySysRoleStatus',1,'abc123','{\"role_ids\":[\"121\"],\"role_status\":[\"0\"]}',1531725546),
	(38,'/sys_role/list_sysrole','SysRoleController.GetSysRoleListByPage',1,'abc123','{}',1531725547),
	(39,'/sys_role/modify_sysrole_status?role_ids=121&role_status=1','SysRoleController.ModifySysRoleStatus',1,'abc123','{\"role_ids\":[\"121\"],\"role_status\":[\"1\"]}',1531725554),
	(40,'/sys_role/list_sysrole','SysRoleController.GetSysRoleListByPage',1,'abc123','{}',1531725555),
	(41,'/sys_role/modify_sysrole_status?role_ids=121&role_status=0','SysRoleController.ModifySysRoleStatus',1,'abc123','{\"role_ids\":[\"121\"],\"role_status\":[\"0\"]}',1531725559),
	(42,'/sys_role/list_sysrole','SysRoleController.GetSysRoleListByPage',1,'abc123','{}',1531725560),
	(43,'/sys_role/form_add_sysrole','SysRoleController.FormAddSysRole',1,'abc123','{}',1531725564),
	(44,'/sys_role/add_sysrole','SysRoleController.AddSysRole',1,'abc123','{\"Intro\":[\"\"],\"MenuMap\":[\"1,2,2-1,1,\"],\"RoleName\":[\"test\"],\"RoleStatus\":[\"1\"]}',1531725574),
	(45,'/sys_role/list_sysrole','SysRoleController.GetSysRoleListByPage',1,'abc123','{}',1531725574),
	(46,'/sys_role/form_add_sysrole','SysRoleController.FormAddSysRole',1,'abc123','{}',1531725579),
	(47,'/sys_role/add_sysrole','SysRoleController.AddSysRole',1,'abc123','{\"Intro\":[\"\"],\"MenuMap\":[\"1,\"],\"RoleName\":[\"2222222\"],\"RoleStatus\":[\"1\"]}',1531725585),
	(48,'/sys_role/list_sysrole','SysRoleController.GetSysRoleListByPage',1,'abc123','{}',1531725586),
	(49,'/sys_role/delete_sysrole?role_ids=124','SysRoleController.DeleteSysRole',1,'abc123','{\"role_ids\":[\"124\"]}',1531725592),
	(50,'/sys_role/list_sysrole','SysRoleController.GetSysRoleListByPage',1,'abc123','{}',1531725593),
	(51,'/sys_role/delete_sysrole?role_ids=125','SysRoleController.DeleteSysRole',1,'abc123','{\"role_ids\":[\"125\"]}',1531725598),
	(52,'/sys_role/list_sysrole','SysRoleController.GetSysRoleListByPage',1,'abc123','{}',1531725599),
	(53,'/sys_menu/list_sysmenu','SysMenuController.ListSysMenu',1,'abc123','{}',1531725706),
	(54,'/sys_user/login_form','SysUserController.LoginForm',0,'','{}',1531734858),
	(55,'/sys_user/login_action','SysUserController.LoginAction',0,'','{\"password\":[\"abc123\"],\"username\":[\"abc123\"]}',1531734863),
	(56,'/sys_home/index','SysHomeController.Index',1,'abc123','{}',1531734863),
	(57,'/sys_home/serverInfo','SysHomeController.ServerInfo',1,'abc123','{}',1531734864),
	(58,'/sys_menu/list_sysmenu','SysMenuController.ListSysMenu',1,'abc123','{}',1531734866),
	(59,'/sys_menu/form_add_sysmenu','SysMenuController.FormAddSysMenu',1,'abc123','{}',1531737831),
	(60,'/sys_user/login_form','SysUserController.LoginForm',0,'','{}',1531794072),
	(61,'/sys_user/login_action','SysUserController.LoginAction',0,'','{\"password\":[\"abc123\"],\"username\":[\"abc123\"]}',1531794075),
	(62,'/sys_home/index','SysHomeController.Index',1,'abc123','{}',1531794075),
	(63,'/sys_home/serverInfo','SysHomeController.ServerInfo',1,'abc123','{}',1531794075),
	(64,'/sys_user/login_form','SysUserController.LoginForm',0,'','{}',1531806653),
	(65,'/sys_user/login_action','SysUserController.LoginAction',0,'','{\"password\":[\"abc123\"],\"username\":[\"abc123\"]}',1531806655),
	(66,'/sys_home/index','SysHomeController.Index',1,'abc123','{}',1531806655),
	(67,'/sys_home/serverInfo','SysHomeController.ServerInfo',1,'abc123','{}',1531806656),
	(68,'/sys_home/index','SysHomeController.Index',1,'abc123','{}',1531806706),
	(69,'/sys_home/serverInfo','SysHomeController.ServerInfo',1,'abc123','{}',1531806706),
	(70,'/sys_home/index','SysHomeController.Index',1,'abc123','{}',1531806723),
	(71,'/sys_home/serverInfo','SysHomeController.ServerInfo',1,'abc123','{}',1531806723),
	(72,'/sys_home/index','SysHomeController.Index',1,'abc123','{}',1531806904),
	(73,'/sys_home/serverInfo','SysHomeController.ServerInfo',1,'abc123','{}',1531806905),
	(74,'/sys_home/index','SysHomeController.Index',1,'abc123','{}',1531806909),
	(75,'/sys_home/serverInfo','SysHomeController.ServerInfo',1,'abc123','{}',1531806909),
	(76,'/sys_home/index','SysHomeController.Index',1,'abc123','{}',1531806965),
	(77,'/sys_home/serverInfo','SysHomeController.ServerInfo',1,'abc123','{}',1531806965),
	(78,'/sys_menu/list_sysmenu','SysMenuController.ListSysMenu',1,'abc123','{}',1531806977),
	(79,'/sys_home/index','SysHomeController.Index',1,'abc123','{}',1531807227),
	(80,'/sys_home/serverInfo','SysHomeController.ServerInfo',1,'abc123','{}',1531807227),
	(81,'/sys_home/index','SysHomeController.Index',1,'abc123','{}',1531807266),
	(82,'/sys_home/serverInfo','SysHomeController.ServerInfo',1,'abc123','{}',1531807266),
	(83,'/sys_home/index','SysHomeController.Index',1,'abc123','{}',1531807272),
	(84,'/sys_home/serverInfo','SysHomeController.ServerInfo',1,'abc123','{}',1531807272),
	(85,'/sys_home/index','SysHomeController.Index',1,'abc123','{}',1531807372),
	(86,'/sys_home/serverInfo','SysHomeController.ServerInfo',1,'abc123','{}',1531807372),
	(87,'/sys_home/index','SysHomeController.Index',1,'abc123','{}',1531807471),
	(88,'/sys_home/serverInfo','SysHomeController.ServerInfo',1,'abc123','{}',1531807472),
	(89,'/sys_user/login_out','SysUserController.LogOut',1,'abc123','{}',1531807609),
	(90,'/sys_user/login_form','SysUserController.LoginForm',0,'','{}',1531807610),
	(91,'/sys_user/login_action','SysUserController.LoginAction',0,'','{\"password\":[\"abc123\"],\"username\":[\"abc123\"]}',1531807624),
	(92,'/sys_home/index','SysHomeController.Index',1,'abc123','{}',1531807624),
	(93,'/sys_home/serverInfo','SysHomeController.ServerInfo',1,'abc123','{}',1531807624),
	(94,'/sys_menu/list_sysmenu','SysMenuController.ListSysMenu',1,'abc123','{}',1531807626),
	(95,'/sys_home/index','SysHomeController.Index',1,'abc123','{}',1531807837),
	(96,'/sys_home/serverInfo','SysHomeController.ServerInfo',1,'abc123','{}',1531807837),
	(97,'/sys_menu/list_sysmenu','SysMenuController.ListSysMenu',1,'abc123','{}',1531807838),
	(98,'/sys_menu/form_add_sysmenu','SysMenuController.FormAddSysMenu',1,'abc123','{}',1531807840),
	(99,'/sys_role/list_sysrole','SysRoleController.GetSysRoleListByPage',1,'abc123','{}',1531807850),
	(100,'/sys_home/index','SysHomeController.Index',1,'abc123','{}',1531813166),
	(101,'/sys_home/serverInfo','SysHomeController.ServerInfo',1,'abc123','{}',1531813167),
	(102,'/sys_menu/list_sysmenu','SysMenuController.ListSysMenu',1,'abc123','{}',1531813169),
	(103,'/sys_role/list_sysrole','SysRoleController.GetSysRoleListByPage',1,'abc123','{}',1531813170),
	(104,'/sys_role/list_sysrole','SysRoleController.GetSysRoleListByPage',1,'abc123','{}',1531813182),
	(105,'/sys_menu/list_sysmenu','SysMenuController.ListSysMenu',1,'abc123','{}',1531813184),
	(106,'/sys_menu/list_sysmenu','SysMenuController.ListSysMenu',1,'abc123','{}',1531813205),
	(107,'/sys_menu/list_sysmenu','SysMenuController.ListSysMenu',1,'abc123','{}',1531814411),
	(108,'/sys_role/list_sysrole','SysRoleController.GetSysRoleListByPage',1,'abc123','{}',1531814916),
	(109,'/sys_user/login_form','SysUserController.LoginForm',0,'','{}',1531823318),
	(110,'/sys_user/login_action','SysUserController.LoginAction',0,'','{\"password\":[\"abc123\"],\"username\":[\"abc123\"]}',1531823321),
	(111,'/sys_home/index','SysHomeController.Index',1,'abc123','{}',1531823321),
	(112,'/sys_home/serverInfo','SysHomeController.ServerInfo',1,'abc123','{}',1531823321),
	(113,'/sys_menu/list_sysmenu','SysMenuController.ListSysMenu',1,'abc123','{}',1531826374),
	(114,'/sys_menu/form_add_sysmenu','SysMenuController.FormAddSysMenu',1,'abc123','{}',1531826376),
	(115,'/sys_user/login_form','SysUserController.LoginForm',0,'','{}',1531892027),
	(116,'/sys_user/login_action','SysUserController.LoginAction',0,'','{\"password\":[\"abc123\"],\"username\":[\"abc123\"]}',1531892030),
	(117,'/sys_home/index','SysHomeController.Index',1,'abc123','{}',1531892030),
	(118,'/sys_home/serverInfo','SysHomeController.ServerInfo',1,'abc123','{}',1531892030),
	(119,'/sys_menu/list_sysmenu','SysMenuController.ListSysMenu',1,'abc123','{}',1531892033),
	(120,'/sys_menu/form_add_sysmenu','SysMenuController.FormAddSysMenu',1,'abc123','{}',1531892072),
	(121,'/sys_menu/add_sysmenu','SysMenuController.AddSysMenu',1,'abc123','{\"Id\":[\"\"],\"MenuFuncs\":[\"\"],\"MenuIcon\":[\"\"],\"MenuLevel\":[\"2\"],\"MenuName\":[\"订单流水\"],\"MenuRootid\":[\"23\"],\"MenuStatus\":[\"1\"],\"MenuUrl\":[\"OrderController.ListOrderFlow\"]}',1531892336),
	(122,'/sys_menu/list_sysmenu','SysMenuController.ListSysMenu',1,'abc123','{}',1531892337),
	(123,'/sys_menu/form_modify_sysmenu?menu_id=24','SysMenuController.FormModifySysMenu',1,'abc123','{\"menu_id\":[\"24\"]}',1531892351),
	(124,'/sys_menu/save_sysmenu','SysMenuController.SaveSysMenu',1,'abc123','{\"Id\":[\"24\"],\"MenuFuncs\":[\"\"],\"MenuIcon\":[\"\"],\"MenuLevel\":[\"2\"],\"MenuName\":[\"订单列表\"],\"MenuRootid\":[\"23\"],\"MenuStatus\":[\"1\"],\"MenuUrl\":[\"OrderController.ListOrder\"]}',1531892365),
	(125,'/sys_menu/list_sysmenu','SysMenuController.ListSysMenu',1,'abc123','{}',1531892366),
	(126,'/sys_menu/form_modify_sysmenu?menu_id=2','SysMenuController.FormModifySysMenu',1,'abc123','{\"menu_id\":[\"2\"]}',1531892498),
	(127,'/sys_menu/form_modify_sysmenu?menu_id=40','SysMenuController.FormModifySysMenu',1,'abc123','{\"menu_id\":[\"40\"]}',1531892516),
	(128,'/sys_menu/save_sysmenu','SysMenuController.SaveSysMenu',1,'abc123','{\"Id\":[\"40\"],\"MenuFuncs\":[\"[\\r\\n  {\\r\\n    \\\"func_id\\\": 1,\\r\\n    \\\"func_name\\\": \\\"ListOrderFlow\\\",\\r\\n    \\\"func_desc\\\": \\\"订单流水列表\\\"\\r\\n  }\\r\\n]\"],\"MenuIcon\":[\"\"],\"MenuLevel\":[\"2\"],\"MenuName\":[\"订单流水\"],\"MenuRootid\":[\"23\"],\"MenuStatus\":[\"1\"],\"MenuUrl\":[\"OrderController.ListOrderFlow\"]}',1531892603),
	(129,'/sys_menu/list_sysmenu','SysMenuController.ListSysMenu',1,'abc123','{}',1531892604),
	(130,'/sys_role/list_sysrole','SysRoleController.GetSysRoleListByPage',1,'abc123','{}',1531892606),
	(131,'/sys_role/form_add_sysrole','SysRoleController.FormAddSysRole',1,'abc123','{}',1531892607),
	(132,'/sys_user/login_out','SysUserController.LogOut',1,'abc123','{}',1531892626),
	(133,'/sys_user/login_form','SysUserController.LoginForm',0,'','{}',1531892627),
	(134,'/sys_user/login_action','SysUserController.LoginAction',0,'','{\"password\":[\"abc123\"],\"username\":[\"abc123\"]}',1531892630),
	(135,'/sys_home/index','SysHomeController.Index',1,'abc123','{}',1531892630),
	(136,'/sys_home/serverInfo','SysHomeController.ServerInfo',1,'abc123','{}',1531892630),
	(137,'/sys_menu/list_sysmenu','SysMenuController.ListSysMenu',1,'abc123','{}',1531892662),
	(138,'/sys_home/index','SysHomeController.Index',1,'abc123','{}',1531893043),
	(139,'/sys_home/serverInfo','SysHomeController.ServerInfo',1,'abc123','{}',1531893043),
	(140,'/order/list_order_flow','OrderController.ListOrderFlow',1,'abc123','{}',1531893050),
	(141,'/sys_role/list_sysrole','SysRoleController.GetSysRoleListByPage',1,'abc123','{}',1531893086),
	(142,'/sys_menu/list_sysmenu','SysMenuController.ListSysMenu',1,'abc123','{}',1531893195),
	(143,'/sys_menu/form_modify_sysmenu?menu_id=40','SysMenuController.FormModifySysMenu',1,'abc123','{\"menu_id\":[\"40\"]}',1531893469),
	(144,'/sys_menu/save_sysmenu','SysMenuController.SaveSysMenu',1,'abc123','{\"Id\":[\"40\"],\"MenuFuncs\":[\"[\\r\\n  {\\r\\n    \\\"func_id\\\": 1,\\r\\n    \\\"func_name\\\": \\\"ListOrderFlow\\\",\\r\\n    \\\"func_desc\\\": \\\"订单流水列表\\\"\\r\\n  },\\r\\n  {\\r\\n    \\\"func_id\\\": 2,\\r\\n    \\\"func_name\\\": \\\"AddOrderFlowForm\\\",\\r\\n    \\\"func_desc\\\": \\\"订单流水列表\\\"\\r\\n  },\\r\\n  {\\r\\n    \\\"func_id\\\": 3,\\r\\n    \\\"func_name\\\": \\\"DeleteOrderFlow\\\",\\r\\n    \\\"func_desc\\\": \\\"删除订单流水\\\"\\r\\n  }\\r\\n]\"],\"MenuIcon\":[\"\"],\"MenuLevel\":[\"2\"],\"MenuName\":[\"订单流水\"],\"MenuRootid\":[\"23\"],\"MenuStatus\":[\"1\"],\"MenuUrl\":[\"OrderController.ListOrderFlow\"]}',1531893532),
	(145,'/sys_menu/list_sysmenu','SysMenuController.ListSysMenu',1,'abc123','{}',1531893533),
	(146,'/sys_menu/form_modify_sysmenu?menu_id=40','SysMenuController.FormModifySysMenu',1,'abc123','{\"menu_id\":[\"40\"]}',1531893990),
	(147,'/sys_menu/save_sysmenu','SysMenuController.SaveSysMenu',1,'abc123','{\"Id\":[\"40\"],\"MenuFuncs\":[\"[\\r\\n  {\\r\\n    \\\"func_id\\\": 1,\\r\\n    \\\"func_name\\\": \\\"ListOrderFlow\\\",\\r\\n    \\\"func_desc\\\": \\\"订单流水列表\\\"\\r\\n  },\\r\\n  {\\r\\n    \\\"func_id\\\": 2,\\r\\n    \\\"func_name\\\": \\\"FormAddOrderFlow\\\",\\r\\n    \\\"func_desc\\\": \\\"订单流水表单\\\"\\r\\n  },\\r\\n  {\\r\\n    \\\"func_id\\\": 3,\\r\\n    \\\"func_name\\\": \\\"DeleteOrderFlow\\\",\\r\\n    \\\"func_desc\\\": \\\"删除订单流水\\\"\\r\\n  },\\r\\n  {\\r\\n    \\\"func_id\\\": 4,\\r\\n    \\\"func_name\\\": \\\"AddOrderFlow\\\",\\r\\n    \\\"func_desc\\\": \\\"添加订单流水\\\"\\r\\n  }\\r\\n]\"],\"MenuIcon\":[\"\"],\"MenuLevel\":[\"2\"],\"MenuName\":[\"订单流水\"],\"MenuRootid\":[\"23\"],\"MenuStatus\":[\"1\"],\"MenuUrl\":[\"OrderController.ListOrderFlow\"]}',1531894064),
	(148,'/sys_menu/list_sysmenu','SysMenuController.ListSysMenu',1,'abc123','{}',1531894065),
	(149,'/sys_menu/form_modify_sysmenu?menu_id=40','SysMenuController.FormModifySysMenu',1,'abc123','{\"menu_id\":[\"40\"]}',1531894073),
	(150,'/sys_user/login_out','SysUserController.LogOut',1,'abc123','{}',1531894083),
	(151,'/sys_user/login_form','SysUserController.LoginForm',0,'','{}',1531894084),
	(152,'/sys_user/login_action','SysUserController.LoginAction',0,'','{\"password\":[\"abc123\"],\"username\":[\"abc123\"]}',1531894087),
	(153,'/sys_home/index','SysHomeController.Index',1,'abc123','{}',1531894087),
	(154,'/sys_home/serverInfo','SysHomeController.ServerInfo',1,'abc123','{}',1531894087),
	(155,'/order/list_order_flow','OrderController.ListOrderFlow',1,'abc123','{}',1531894094),
	(156,'/order/list_order_flow','OrderController.ListOrderFlow',1,'abc123','{}',1531894185),
	(157,'/order/list_order_flow','OrderController.ListOrderFlow',1,'abc123','{}',1531894206),
	(158,'/order/list_order_flow','OrderController.ListOrderFlow',1,'abc123','{}',1531894344),
	(159,'/order/list_order_flow','OrderController.ListOrderFlow',1,'abc123','{}',1531894630),
	(160,'/order/list_order_flow','OrderController.ListOrderFlow',1,'abc123','{}',1531895038),
	(161,'/order/list_order_flow','OrderController.ListOrderFlow',1,'abc123','{}',1531895119),
	(162,'/order/list_order_flow','OrderController.ListOrderFlow',1,'abc123','{}',1531895167),
	(163,'/order/list_order_flow','OrderController.ListOrderFlow',1,'abc123','{}',1531895168),
	(164,'/order/list_order_flow','OrderController.ListOrderFlow',1,'abc123','{}',1531895169),
	(165,'/order/list_order_flow','OrderController.ListOrderFlow',1,'abc123','{}',1531895169),
	(166,'/order/list_order_flow','OrderController.ListOrderFlow',1,'abc123','{}',1531895169),
	(167,'/order/list_order_flow','OrderController.ListOrderFlow',1,'abc123','{}',1531895180),
	(168,'/order/list_order_flow','OrderController.ListOrderFlow',1,'abc123','{}',1531895214),
	(169,'/order/list_order_flow','OrderController.ListOrderFlow',1,'abc123','{}',1531895215),
	(170,'/order/list_order_flow','OrderController.ListOrderFlow',1,'abc123','{}',1531895225),
	(171,'/order/list_order_flow','OrderController.ListOrderFlow',1,'abc123','{}',1531895242),
	(172,'/order/list_order_flow','OrderController.ListOrderFlow',1,'abc123','{}',1531895254),
	(173,'/order/list_order_flow','OrderController.ListOrderFlow',1,'abc123','{}',1531895268),
	(174,'/order/list_order_flow','OrderController.ListOrderFlow',1,'abc123','{}',1531895668),
	(175,'/order/list_order_flow','OrderController.ListOrderFlow',1,'abc123','{}',1531895744),
	(176,'/order/list_order_flow','OrderController.ListOrderFlow',1,'abc123','{}',1531895872),
	(177,'/sys_home/index','SysHomeController.Index',1,'abc123','{}',1531895893),
	(178,'/sys_home/serverInfo','SysHomeController.ServerInfo',1,'abc123','{}',1531895893),
	(179,'/order/list_order_flow','OrderController.ListOrderFlow',1,'abc123','{}',1531895897),
	(180,'/order/list_order_flow','OrderController.ListOrderFlow',1,'abc123','{}',1531895910),
	(181,'/order/list_order_flow','OrderController.ListOrderFlow',1,'abc123','{}',1531895952),
	(182,'/order/list_order_flow','OrderController.ListOrderFlow',1,'abc123','{}',1531896172),
	(183,'/order/list_order_flow','OrderController.ListOrderFlow',1,'abc123','{}',1531896400),
	(184,'/order/list_order_flow','OrderController.ListOrderFlow',1,'abc123','{}',1531896460),
	(185,'/order/list_order_flow','OrderController.ListOrderFlow',1,'abc123','{}',1531896664),
	(186,'/order/list_order_flow','OrderController.ListOrderFlow',1,'abc123','{}',1531896675),
	(187,'/order/list_order_flow','OrderController.ListOrderFlow',1,'abc123','{}',1531896775),
	(188,'/order/list_order_flow','OrderController.ListOrderFlow',1,'abc123','{}',1531896799),
	(189,'/order/list_order_flow','OrderController.ListOrderFlow',1,'abc123','{}',1531896867),
	(190,'/order/list_order_flow','OrderController.ListOrderFlow',1,'abc123','{}',1531896897),
	(191,'/order/list_order_flow','OrderController.ListOrderFlow',1,'abc123','{}',1531897250),
	(192,'/order/list_order_flow','OrderController.ListOrderFlow',1,'abc123','{}',1531897255),
	(193,'/order/list_order_flow','OrderController.ListOrderFlow',1,'abc123','{}',1531897255),
	(194,'/order/list_order_flow','OrderController.ListOrderFlow',1,'abc123','{}',1531897256),
	(195,'/order/list_order_flow','OrderController.ListOrderFlow',1,'abc123','{}',1531897278),
	(196,'/order/list_order_flow','OrderController.ListOrderFlow',1,'abc123','{}',1531897279),
	(197,'/order/list_order_flow','OrderController.ListOrderFlow',1,'abc123','{}',1531897279),
	(198,'/order/list_order_flow','OrderController.ListOrderFlow',1,'abc123','{}',1531897279),
	(199,'/order/list_order_flow','OrderController.ListOrderFlow',1,'abc123','{}',1531897409),
	(200,'/order/list_order_flow','OrderController.ListOrderFlow',1,'abc123','{}',1531897410),
	(201,'/order/list_order_flow','OrderController.ListOrderFlow',1,'abc123','{}',1531897411),
	(202,'/order/list_order_flow','OrderController.ListOrderFlow',1,'abc123','{}',1531897411),
	(203,'/order/list_order_flow','OrderController.ListOrderFlow',1,'abc123','{}',1531897411),
	(204,'/sys_menu/list_sysmenu','SysMenuController.ListSysMenu',1,'abc123','{}',1531899400),
	(205,'/sys_menu/list_sysmenu','SysMenuController.ListSysMenu',1,'abc123','{}',1531899501),
	(206,'/order/list_order_flow','OrderController.ListOrderFlow',1,'abc123','{}',1531899605),
	(207,'/order/form_add_order_flow','OrderController.FormAddOrderFlow',1,'abc123','{}',1531899681),
	(208,'/sys_menu/list_sysmenu','SysMenuController.ListSysMenu',1,'abc123','{}',1531899703),
	(209,'/sys_menu/form_modify_sysmenu?menu_id=32','SysMenuController.FormModifySysMenu',1,'abc123','{\"menu_id\":[\"32\"]}',1531899720),
	(210,'/sys_menu/save_sysmenu','SysMenuController.SaveSysMenu',1,'abc123','{\"Id\":[\"32\"],\"MenuFuncs\":[\"\"],\"MenuIcon\":[\"\"],\"MenuLevel\":[\"2\"],\"MenuName\":[\"操作日志\"],\"MenuRootid\":[\"1\"],\"MenuStatus\":[\"1\"],\"MenuUrl\":[\"SysLogController.GetSysLogListByPage\"]}',1531899785),
	(211,'/sys_menu/save_sysmenu','SysMenuController.SaveSysMenu',1,'abc123','{\"Id\":[\"32\"],\"MenuFuncs\":[\"\"],\"MenuIcon\":[\"\"],\"MenuLevel\":[\"2\"],\"MenuName\":[\"操作日志\"],\"MenuRootid\":[\"1\"],\"MenuStatus\":[\"1\"],\"MenuUrl\":[\"SysLogController.GetSysLogListByPage\"]}',1531900118),
	(212,'/sys_menu/list_sysmenu','SysMenuController.ListSysMenu',1,'abc123','{}',1531900120),
	(213,'/sys_menu/form_modify_sysmenu?menu_id=3','SysMenuController.FormModifySysMenu',1,'abc123','{\"menu_id\":[\"3\"]}',1531900130),
	(214,'/sys_menu/form_add_sysmenu','SysMenuController.FormAddSysMenu',1,'abc123','{}',1531900348),
	(215,'/sys_user/login_form','SysUserController.LoginForm',0,'','{}',1531910425),
	(216,'/sys_user/login_action','SysUserController.LoginAction',0,'','{\"password\":[\"abc123\"],\"username\":[\"abc123\"]}',1531910427),
	(217,'/sys_home/index','SysHomeController.Index',1,'abc123','{}',1531910427),
	(218,'/sys_home/serverInfo','SysHomeController.ServerInfo',1,'abc123','{}',1531910427),
	(219,'/sys_menu/list_sysmenu','SysMenuController.ListSysMenu',1,'abc123','{}',1531910431),
	(220,'/sys_menu/form_add_sysmenu','SysMenuController.FormAddSysMenu',1,'abc123','{}',1531910432),
	(221,'/sys_menu/form_add_sysmenu','SysMenuController.FormAddSysMenu',1,'abc123','{}',1531910465),
	(222,'/sys_menu/form_add_sysmenu','SysMenuController.FormAddSysMenu',1,'abc123','{}',1531910497),
	(223,'/sys_menu/form_add_sysmenu','SysMenuController.FormAddSysMenu',1,'abc123','{}',1531910631),
	(224,'/sys_menu/form_add_sysmenu','SysMenuController.FormAddSysMenu',1,'abc123','{}',1531910675),
	(225,'/sys_menu/form_add_sysmenu','SysMenuController.FormAddSysMenu',1,'abc123','{}',1531910692),
	(226,'/sys_menu/form_add_sysmenu','SysMenuController.FormAddSysMenu',1,'abc123','{}',1531910707),
	(227,'/sys_menu/form_modify_sysmenu?menu_id=1','SysMenuController.FormModifySysMenu',1,'abc123','{\"menu_id\":[\"1\"]}',1531910736),
	(228,'/sys_user/login_form','SysUserController.LoginForm',0,'','{}',1531977070),
	(229,'/sys_user/login_action','SysUserController.LoginAction',0,'','{\"password\":[\"abc123\"],\"username\":[\"abc123\"]}',1531977074),
	(230,'/sys_home/index','SysHomeController.Index',1,'abc123','{}',1531977074),
	(231,'/sys_home/serverInfo','SysHomeController.ServerInfo',1,'abc123','{}',1531977074),
	(232,'/order/list_order_flow','OrderController.ListOrderFlow',1,'abc123','{}',1531977081),
	(233,'/order/form_add_order_flow','OrderController.FormAddOrderFlow',1,'abc123','{}',1531977084),
	(234,'/order/form_add_order_flow','OrderController.FormAddOrderFlow',1,'abc123','{}',1531977859),
	(235,'/sys_user/login_form','SysUserController.LoginForm',0,'','{}',1532064862),
	(236,'/sys_user/login_action','SysUserController.LoginAction',0,'','{\"password\":[\"abc123\"],\"username\":[\"abc123\"]}',1532064865),
	(237,'/sys_home/index','SysHomeController.Index',1,'abc123','{}',1532064865),
	(238,'/sys_home/serverInfo','SysHomeController.ServerInfo',1,'abc123','{}',1532064865),
	(239,'/sys_menu/list_sysmenu','SysMenuController.ListSysMenu',1,'abc123','{}',1532064868),
	(240,'/sys_menu/list_sysmenu','SysMenuController.ListSysMenu',1,'abc123','{}',1532065511),
	(241,'/sys_role/list_sysrole','SysRoleController.GetSysRoleListByPage',1,'abc123','{}',1532065530),
	(242,'/order/list_order_flow','OrderController.ListOrderFlow',1,'abc123','{}',1532065537),
	(243,'/sys_role/list_sysrole?page_num=1','SysRoleController.GetSysRoleListByPage',1,'abc123','{\"page_num\":[\"1\"]}',1532065545),
	(244,'/order/list_order_flow','OrderController.ListOrderFlow',1,'abc123','{}',1532065560),
	(245,'/order/form_add_order_flow','OrderController.FormAddOrderFlow',1,'abc123','{}',1532065599),
	(246,'/order/form_add_order_flow','OrderController.FormAddOrderFlow',1,'abc123','{}',1532065664),
	(247,'/order/form_add_order_flow','OrderController.FormAddOrderFlow',1,'abc123','{}',1532065713),
	(248,'/order/form_add_order_flow','OrderController.FormAddOrderFlow',1,'abc123','{}',1532065765),
	(249,'/order/form_add_order_flow','OrderController.FormAddOrderFlow',1,'abc123','{}',1532065812),
	(250,'/order/form_add_order_flow','OrderController.FormAddOrderFlow',1,'abc123','{}',1532065858),
	(251,'/order/form_add_order_flow','OrderController.FormAddOrderFlow',1,'abc123','{}',1532065886),
	(252,'/order/form_add_order_flow','OrderController.FormAddOrderFlow',1,'abc123','{}',1532065935),
	(253,'/order/form_add_order_flow','OrderController.FormAddOrderFlow',1,'abc123','{}',1532065993),
	(254,'/order/form_add_order_flow','OrderController.FormAddOrderFlow',1,'abc123','{}',1532066021),
	(255,'/order/form_add_order_flow','OrderController.FormAddOrderFlow',1,'abc123','{}',1532066046),
	(256,'/order/form_add_order_flow','OrderController.FormAddOrderFlow',1,'abc123','{}',1532066283),
	(257,'/order/form_add_order_flow','OrderController.FormAddOrderFlow',1,'abc123','{}',1532066300),
	(258,'/order/form_add_order_flow','OrderController.FormAddOrderFlow',1,'abc123','{}',1532066455),
	(259,'/order/upload_order_flow','OrderController.UploadOrderFlow',1,'abc123','{}',1532066504),
	(260,'/order/upload_order_flow','OrderController.UploadOrderFlow',1,'abc123','{}',1532066805),
	(261,'/order/upload_order_flow','OrderController.UploadOrderFlow',1,'abc123','{}',1532067000),
	(262,'/order/upload_order_flow','OrderController.UploadOrderFlow',1,'abc123','{}',1532067040),
	(263,'/order/form_add_order_flow','OrderController.FormAddOrderFlow',1,'abc123','{}',1532067210),
	(264,'/order/upload_order_flow','OrderController.UploadOrderFlow',1,'abc123','{}',1532067217),
	(265,'/order/form_add_order_flow','OrderController.FormAddOrderFlow',1,'abc123','{}',1532067350),
	(266,'/order/upload_order_flow','OrderController.UploadOrderFlow',1,'abc123','{}',1532067358),
	(267,'/order/form_add_order_flow','OrderController.FormAddOrderFlow',1,'abc123','{}',1532067408),
	(268,'/order/upload_order_flow','OrderController.UploadOrderFlow',1,'abc123','{}',1532067418),
	(269,'/order/form_add_order_flow','OrderController.FormAddOrderFlow',1,'abc123','{}',1532067576),
	(270,'/order/upload_order_flow','OrderController.UploadOrderFlow',1,'abc123','{}',1532067585),
	(271,'/order/upload_order_flow','OrderController.UploadOrderFlow',1,'abc123','{}',1532067737),
	(272,'/order/form_add_order_flow','OrderController.FormAddOrderFlow',1,'abc123','{}',1532067803),
	(273,'/order/upload_order_flow','OrderController.UploadOrderFlow',1,'abc123','{}',1532067809),
	(274,'/order/form_add_order_flow','OrderController.FormAddOrderFlow',1,'abc123','{}',1532067885),
	(275,'/order/upload_order_flow','OrderController.UploadOrderFlow',1,'abc123','{}',1532067891),
	(276,'/order/form_add_order_flow','OrderController.FormAddOrderFlow',1,'abc123','{}',1532067990),
	(277,'/order/upload_order_flow','OrderController.UploadOrderFlow',1,'abc123','{}',1532067998),
	(278,'/order/form_add_order_flow','OrderController.FormAddOrderFlow',1,'abc123','{}',1532069209),
	(279,'/order/upload_order_flow','OrderController.UploadOrderFlow',1,'abc123','{}',1532069215),
	(280,'/order/form_add_order_flow','OrderController.FormAddOrderFlow',1,'abc123','{}',1532069352),
	(281,'/order/upload_order_flow','OrderController.UploadOrderFlow',1,'abc123','{}',1532069358),
	(282,'/order/form_add_order_flow','OrderController.FormAddOrderFlow',1,'abc123','{}',1532069745),
	(283,'/order/upload_order_flow','OrderController.UploadOrderFlow',1,'abc123','{}',1532069751),
	(284,'/order/form_add_order_flow','OrderController.FormAddOrderFlow',1,'abc123','{}',1532070181),
	(285,'/order/upload_order_flow','OrderController.UploadOrderFlow',1,'abc123','{}',1532070187),
	(286,'/order/form_add_order_flow','OrderController.FormAddOrderFlow',1,'abc123','{}',1532070484),
	(287,'/order/upload_order_flow','OrderController.UploadOrderFlow',1,'abc123','{}',1532070490),
	(288,'/order/form_add_order_flow','OrderController.FormAddOrderFlow',1,'abc123','{}',1532070689),
	(289,'/order/upload_order_flow','OrderController.UploadOrderFlow',1,'abc123','{}',1532070695),
	(290,'/order/form_add_order_flow','OrderController.FormAddOrderFlow',1,'abc123','{}',1532070787),
	(291,'/order/upload_order_flow','OrderController.UploadOrderFlow',1,'abc123','{}',1532070794),
	(292,'/order/list_order_flow','OrderController.ListOrderFlow',1,'abc123','{}',1532070979),
	(293,'/order/list_order_flow','OrderController.ListOrderFlow',1,'abc123','{}',1532070984),
	(294,'/order/list_order_flow','OrderController.ListOrderFlow',1,'abc123','{}',1532071585),
	(295,'/sys_menu/list_sysmenu','SysMenuController.ListSysMenu',1,'abc123','{}',1532076610),
	(296,'/sys_menu/form_add_sysmenu','SysMenuController.FormAddSysMenu',1,'abc123','{}',1532076611),
	(297,'/sys_menu/add_sysmenu','SysMenuController.AddSysMenu',1,'abc123','{\"Id\":[\"\"],\"MenuFuncs\":[\"[\\r\\n  {\\r\\n    \\\"func_id\\\": 1,\\r\\n    \\\"func_name\\\": \\\"SellStatisticTpl\\\",\\r\\n    \\\"func_desc\\\": \\\"销售统计页面\\\"\\r\\n  }\\r\\n]\"],\"MenuIcon\":[\"\"],\"MenuLevel\":[\"2\"],\"MenuName\":[\"销售统计\"],\"MenuRootid\":[\"37\"],\"MenuStatus\":[\"1\"],\"MenuUrl\":[\"OrderController.SellStatisticTpl\"]}',1532076822),
	(298,'/sys_menu/list_sysmenu','SysMenuController.ListSysMenu',1,'abc123','{}',1532076823),
	(299,'/sys_menu/form_modify_sysmenu?menu_id=41','SysMenuController.FormModifySysMenu',1,'abc123','{\"menu_id\":[\"41\"]}',1532076884),
	(300,'/sys_menu/save_sysmenu','SysMenuController.SaveSysMenu',1,'abc123','{\"Id\":[\"41\"],\"MenuFuncs\":[\"[\\r\\n  {\\r\\n    \\\"func_id\\\": 1,\\r\\n    \\\"func_name\\\": \\\"OrderFlowTongJiTpl\\\",\\r\\n    \\\"func_desc\\\": \\\"销售统计页面\\\"\\r\\n  }\\r\\n]\"],\"MenuIcon\":[\"\"],\"MenuLevel\":[\"2\"],\"MenuName\":[\"流水统计\"],\"MenuRootid\":[\"37\"],\"MenuStatus\":[\"1\"],\"MenuUrl\":[\"OrderController.OrderFlowTongJiTpl\"]}',1532076928),
	(301,'/sys_menu/list_sysmenu','SysMenuController.ListSysMenu',1,'abc123','{}',1532076929),
	(302,'/sys_user/login_out','SysUserController.LogOut',1,'abc123','{}',1532077136),
	(303,'/sys_user/login_form','SysUserController.LoginForm',0,'','{}',1532077137),
	(304,'/sys_user/login_action','SysUserController.LoginAction',0,'','{\"password\":[\"abc123\"],\"username\":[\"abc123\"]}',1532077143),
	(305,'/sys_home/index','SysHomeController.Index',1,'abc123','{}',1532077143),
	(306,'/sys_home/serverInfo','SysHomeController.ServerInfo',1,'abc123','{}',1532077144),
	(307,'/order/order_flow_tongji_tpl','OrderController.OrderFlowTongJiTpl',1,'abc123','{}',1532077147),
	(308,'/order/order_flow_tongji_tpl','OrderController.OrderFlowTongJiTpl',1,'abc123','{}',1532077446),
	(309,'/sys_home/index','SysHomeController.Index',1,'abc123','{}',1532077474),
	(310,'/sys_home/serverInfo','SysHomeController.ServerInfo',1,'abc123','{}',1532077474),
	(311,'/order/order_flow_tongji_tpl','OrderController.OrderFlowTongJiTpl',1,'abc123','{}',1532077477),
	(312,'/order/order_flow_tongji_tpl','OrderController.OrderFlowTongJiTpl',1,'abc123','{}',1532077489),
	(313,'/order/order_flow_tongji_tpl','OrderController.OrderFlowTongJiTpl',1,'abc123','{}',1532077501),
	(314,'/order/order_flow_tongji_tpl','OrderController.OrderFlowTongJiTpl',1,'abc123','{}',1532078174),
	(315,'/order/order_flow_tongji_tpl','OrderController.OrderFlowTongJiTpl',1,'abc123','{}',1532078187),
	(316,'/order/order_flow_tongji_tpl','OrderController.OrderFlowTongJiTpl',1,'abc123','{}',1532078222),
	(317,'/order/order_flow_tongji_tpl','OrderController.OrderFlowTongJiTpl',1,'abc123','{}',1532078230),
	(318,'/order/order_flow_tongji_tpl','OrderController.OrderFlowTongJiTpl',1,'abc123','{}',1532078318),
	(319,'/order/order_flow_tongji_tpl','OrderController.OrderFlowTongJiTpl',1,'abc123','{}',1532078324),
	(320,'/order/order_flow_tongji_tpl','OrderController.OrderFlowTongJiTpl',1,'abc123','{}',1532078359),
	(321,'/order/order_flow_tongji_tpl','OrderController.OrderFlowTongJiTpl',1,'abc123','{}',1532078600),
	(322,'/order/order_flow_tongji','OrderController.OrderFlowTongJi',1,'abc123','{}',1532078601),
	(323,'/order/order_flow_tongji_tpl','OrderController.OrderFlowTongJiTpl',1,'abc123','{}',1532078613),
	(324,'/order/order_flow_tongji','OrderController.OrderFlowTongJi',1,'abc123','{}',1532078613),
	(325,'/order/order_flow_tongji_tpl','OrderController.OrderFlowTongJiTpl',1,'abc123','{}',1532079064),
	(326,'/order/order_flow_tongji_tpl','OrderController.OrderFlowTongJiTpl',1,'abc123','{}',1532079081),
	(327,'/order/order_flow_tongji','OrderController.OrderFlowTongJi',1,'abc123','{}',1532079081),
	(328,'/order/order_flow_tongji_tpl','OrderController.OrderFlowTongJiTpl',1,'abc123','{}',1532079311),
	(329,'/order/order_flow_tongji','OrderController.OrderFlowTongJi',1,'abc123','{}',1532079312),
	(330,'/sys_user/login_form','SysUserController.LoginForm',0,'','{}',1532087979),
	(331,'/sys_user/login_action','SysUserController.LoginAction',0,'','{\"password\":[\"abc123\"],\"username\":[\"abc123\"]}',1532087982),
	(332,'/sys_home/index','SysHomeController.Index',1,'abc123','{}',1532087982),
	(333,'/sys_home/serverInfo','SysHomeController.ServerInfo',1,'abc123','{}',1532087982),
	(334,'/sys_menu/list_sysmenu','SysMenuController.ListSysMenu',1,'abc123','{}',1532087984),
	(335,'/order/list_order_flow','OrderController.ListOrderFlow',1,'abc123','{}',1532087990),
	(336,'/sys_role/list_sysrole','SysRoleController.GetSysRoleListByPage',1,'abc123','{}',1532088176),
	(337,'/sys_role/form_modify_sysrole?role_id=121','SysRoleController.FormModifySysRole',1,'abc123','{\"role_id\":[\"121\"]}',1532088179),
	(338,'/sys_role/form_add_sysrole','SysRoleController.FormAddSysRole',1,'abc123','{}',1532088224),
	(339,'/sys_role/modify_sysrole_status?role_ids=121&role_status=1','SysRoleController.ModifySysRoleStatus',1,'abc123','{\"role_ids\":[\"121\"],\"role_status\":[\"1\"]}',1532088234),
	(340,'/sys_role/list_sysrole','SysRoleController.GetSysRoleListByPage',1,'abc123','{}',1532088235),
	(341,'/sys_menu/list_sysmenu','SysMenuController.ListSysMenu',1,'abc123','{}',1532088246),
	(342,'/sys_user/login_form','SysUserController.LoginForm',0,'','{}',1532150434),
	(343,'/sys_user/login_action','SysUserController.LoginAction',0,'','{\"password\":[\"abc123\"],\"username\":[\"abc123\"]}',1532150437),
	(344,'/sys_home/index','SysHomeController.Index',1,'abc123','{}',1532150437),
	(345,'/sys_home/serverInfo','SysHomeController.ServerInfo',1,'abc123','{}',1532150437),
	(346,'/order/order_flow_tongji_tpl','OrderController.OrderFlowTongJiTpl',1,'abc123','{}',1532150440),
	(347,'/order/order_flow_tongji','OrderController.OrderFlowTongJi',1,'abc123','{}',1532150440),
	(348,'/sys_menu/list_sysmenu','SysMenuController.ListSysMenu',1,'abc123','{}',1532154897),
	(349,'/sys_role/list_sysrole','SysRoleController.GetSysRoleListByPage',1,'abc123','{}',1532155294),
	(350,'/sys_role/form_modify_sysrole?role_id=121','SysRoleController.FormModifySysRole',1,'abc123','{\"role_id\":[\"121\"]}',1532155306),
	(351,'/sys_user/login_action','SysUserController.LoginAction',0,'','{\"password\":[\"abc123\"],\"username\":[\"abc123\"]}',1532168256),
	(352,'/sys_home/index','SysHomeController.Index',1,'abc123','{}',1532168256),
	(353,'/sys_home/serverInfo','SysHomeController.ServerInfo',1,'abc123','{}',1532168256),
	(354,'/sys_role/list_sysrole','SysRoleController.GetSysRoleListByPage',1,'abc123','{}',1532168318),
	(355,'/sys_role/form_add_sysrole','SysRoleController.FormAddSysRole',1,'abc123','{}',1532168322),
	(356,'/sys_role/form_modify_sysrole?role_id=121','SysRoleController.FormModifySysRole',1,'abc123','{\"role_id\":[\"121\"]}',1532169839),
	(357,'/sys_menu/list_sysmenu','SysMenuController.ListSysMenu',1,'abc123','{}',1532169870),
	(358,'/order/list_order_flow','OrderController.ListOrderFlow',1,'abc123','{}',1532169885),
	(359,'/order/form_add_order_flow','OrderController.FormAddOrderFlow',1,'abc123','{}',1532169888),
	(360,'/order/form_add_order_flow','OrderController.FormAddOrderFlow',1,'abc123','{}',1532169893),
	(361,'/order/order_flow_tongji_tpl','OrderController.OrderFlowTongJiTpl',1,'abc123','{}',1532170441),
	(362,'/order/order_flow_tongji','OrderController.OrderFlowTongJi',1,'abc123','{}',1532170441),
	(363,'/sys_user/login_form','SysUserController.LoginForm',0,'','{}',1532486639),
	(364,'/sys_user/login_form','SysUserController.LoginForm',0,'','{}',1532486658),
	(365,'/sys_user/login_action','SysUserController.LoginAction',0,'','{\"password\":[\"abc123\"],\"username\":[\"abc123\"]}',1532486661),
	(366,'/sys_home/index','SysHomeController.Index',1,'abc123','{}',1532486661),
	(367,'/sys_home/serverInfo','SysHomeController.ServerInfo',1,'abc123','{}',1532486661),
	(368,'/sys_menu/list_sysmenu','SysMenuController.ListSysMenu',1,'abc123','{}',1532486664),
	(369,'/sys_menu/list_sysmenu','SysMenuController.ListSysMenu',1,'abc123','{}',1532487269),
	(370,'/sys_home/index','SysHomeController.Index',1,'abc123','{}',1532487866),
	(371,'/sys_home/serverInfo','SysHomeController.ServerInfo',1,'abc123','{}',1532487866),
	(372,'/sys_log/list_syslog','SysLogController.GetSysLogListByPage',1,'abc123','{}',1532487868),
	(373,'/sys_log/list_syslog','SysLogController.GetSysLogListByPage',1,'abc123','{}',1532487926),
	(374,'/sys_log/list_syslog','SysLogController.GetSysLogListByPage',1,'abc123','{}',1532488114),
	(375,'/sys_log/list_syslog','SysLogController.GetSysLogListByPage',1,'abc123','{}',1532488259),
	(376,'/sys_log/list_syslog','SysLogController.GetSysLogListByPage',1,'abc123','{}',1532488314),
	(377,'/sys_log/list_syslog','SysLogController.GetSysLogListByPage',1,'abc123','{}',1532488354),
	(378,'/sys_log/list_syslog?page_num=2','SysLogController.GetSysLogListByPage',1,'abc123','{\"page_num\":[\"2\"]}',1532488357),
	(379,'/sys_log/list_syslog?page_num=3','SysLogController.GetSysLogListByPage',1,'abc123','{\"page_num\":[\"3\"]}',1532488360),
	(380,'/sys_log/list_syslog?page_num=4','SysLogController.GetSysLogListByPage',1,'abc123','{\"page_num\":[\"4\"]}',1532488361),
	(381,'/sys_log/list_syslog?page_num=5','SysLogController.GetSysLogListByPage',1,'abc123','{\"page_num\":[\"5\"]}',1532488362),
	(382,'/sys_log/list_syslog?page_num=6','SysLogController.GetSysLogListByPage',1,'abc123','{\"page_num\":[\"6\"]}',1532488364),
	(383,'/sys_log/list_syslog?page_num=8','SysLogController.GetSysLogListByPage',1,'abc123','{\"page_num\":[\"8\"]}',1532488365),
	(384,'/sys_log/list_syslog?page_num=39','SysLogController.GetSysLogListByPage',1,'abc123','{\"page_num\":[\"39\"]}',1532488368),
	(385,'/sys_log/list_syslog?page_num=1','SysLogController.GetSysLogListByPage',1,'abc123','{\"page_num\":[\"1\"]}',1532488389),
	(386,'/sys_log/list_syslog?page_num=39','SysLogController.GetSysLogListByPage',1,'abc123','{\"page_num\":[\"39\"]}',1532488904),
	(387,'/sys_log/list_syslog?page_num=1','SysLogController.GetSysLogListByPage',1,'abc123','{\"page_num\":[\"1\"]}',1532488912),
	(388,'/sys_log/list_syslog?page_num=1','SysLogController.GetSysLogListByPage',1,'abc123','{\"page_num\":[\"1\"]}',1532489063),
	(389,'/sys_log/list_syslog?page_num=1','SysLogController.GetSysLogListByPage',1,'abc123','{\"page_num\":[\"1\"]}',1532489129),
	(390,'/sys_log/list_syslog?page_num=39','SysLogController.GetSysLogListByPage',1,'abc123','{\"page_num\":[\"39\"]}',1532489134),
	(391,'/sys_log/list_syslog?page_num=39','SysLogController.GetSysLogListByPage',1,'abc123','{\"page_num\":[\"39\"]}',1532489180),
	(392,'/sys_log/list_syslog?page_num=39','SysLogController.GetSysLogListByPage',1,'abc123','{\"page_num\":[\"39\"]}',1532489198),
	(393,'/sys_log/list_syslog?page_num=39','SysLogController.GetSysLogListByPage',1,'abc123','{\"page_num\":[\"39\"]}',1532489207),
	(394,'/sys_log/list_syslog?page_num=39','SysLogController.GetSysLogListByPage',1,'abc123','{\"page_num\":[\"39\"]}',1532489212),
	(395,'/sys_log/list_syslog?page_num=39','SysLogController.GetSysLogListByPage',1,'abc123','{\"page_num\":[\"39\"]}',1532489233),
	(396,'/sys_log/list_syslog?page_num=39','SysLogController.GetSysLogListByPage',1,'abc123','{\"page_num\":[\"39\"]}',1532489250),
	(397,'/sys_log/list_syslog?page_num=39','SysLogController.GetSysLogListByPage',1,'abc123','{\"page_num\":[\"39\"]}',1532489256),
	(398,'/sys_log/list_syslog?page_num=39','SysLogController.GetSysLogListByPage',1,'abc123','{\"page_num\":[\"39\"]}',1532489267),
	(399,'/sys_log/list_syslog?page_num=39','SysLogController.GetSysLogListByPage',1,'abc123','{\"page_num\":[\"39\"]}',1532489281),
	(400,'/sys_log/list_syslog?page_num=40','SysLogController.GetSysLogListByPage',1,'abc123','{\"page_num\":[\"40\"]}',1532489283),
	(401,'/sys_log/list_syslog?page_num=1','SysLogController.GetSysLogListByPage',1,'abc123','{\"page_num\":[\"1\"]}',1532489288),
	(402,'/sys_log/list_syslog?page_num=1','SysLogController.GetSysLogListByPage',1,'abc123','{\"page_num\":[\"1\"]}',1532489297),
	(403,'/sys_log/list_syslog?page_num=1','SysLogController.GetSysLogListByPage',1,'abc123','{\"page_num\":[\"1\"]}',1532489308),
	(404,'/sys_log/list_syslog?page_num=41','SysLogController.GetSysLogListByPage',1,'abc123','{\"page_num\":[\"41\"]}',1532489311),
	(405,'/sys_log/list_syslog?page_num=41','SysLogController.GetSysLogListByPage',1,'abc123','{\"page_num\":[\"41\"]}',1532489325),
	(406,'/sys_log/list_syslog?page_num=41','SysLogController.GetSysLogListByPage',1,'abc123','{\"page_num\":[\"41\"]}',1532489338),
	(407,'/sys_log/list_syslog?page_num=40','SysLogController.GetSysLogListByPage',1,'abc123','{\"page_num\":[\"40\"]}',1532489343),
	(408,'/sys_log/list_syslog?page_num=39','SysLogController.GetSysLogListByPage',1,'abc123','{\"page_num\":[\"39\"]}',1532489348),
	(409,'/sys_log/list_syslog?page_num=38','SysLogController.GetSysLogListByPage',1,'abc123','{\"page_num\":[\"38\"]}',1532489350),
	(410,'/sys_log/list_syslog?page_num=38','SysLogController.GetSysLogListByPage',1,'abc123','{\"page_num\":[\"38\"]}',1532489368),
	(411,'/sys_log/list_syslog?page_num=38','SysLogController.GetSysLogListByPage',1,'abc123','{\"page_num\":[\"38\"]}',1532489390),
	(412,'/sys_log/list_syslog?page_num=38','SysLogController.GetSysLogListByPage',1,'abc123','{\"page_num\":[\"38\"]}',1532489442),
	(413,'/sys_log/list_syslog?page_num=38','SysLogController.GetSysLogListByPage',1,'abc123','{\"page_num\":[\"38\"]}',1532489459),
	(414,'/sys_log/list_syslog?page_num=38','SysLogController.GetSysLogListByPage',1,'abc123','{\"page_num\":[\"38\"]}',1532489471),
	(415,'/sys_log/list_syslog?page_num=38','SysLogController.GetSysLogListByPage',1,'abc123','{\"page_num\":[\"38\"]}',1532489483),
	(416,'/sys_log/list_syslog?page_num=39','SysLogController.GetSysLogListByPage',1,'abc123','{\"page_num\":[\"39\"]}',1532489495),
	(417,'/sys_log/list_syslog?page_num=1','SysLogController.GetSysLogListByPage',1,'abc123','{\"page_num\":[\"1\"]}',1532489668),
	(418,'/sys_user/login_out','SysUserController.LogOut',1,'abc123','{}',1532489673),
	(419,'/sys_home/index','SysHomeController.Index',1,'abc123','{}',1532489677),
	(420,'/sys_home/serverInfo','SysHomeController.ServerInfo',1,'abc123','{}',1532489677),
	(421,'/sys_log/list_syslog','SysLogController.GetSysLogListByPage',1,'abc123','{}',1532489680),
	(422,'/sys_log/list_syslog','SysLogController.GetSysLogListByPage',1,'abc123','{}',1532489715),
	(423,'/sys_log/list_syslog','SysLogController.GetSysLogListByPage',1,'abc123','{}',1532489737),
	(424,'/sys_log/list_syslog','SysLogController.GetSysLogListByPage',1,'abc123','{}',1532489743),
	(425,'/sys_log/list_syslog','SysLogController.GetSysLogListByPage',1,'abc123','{}',1532489748),
	(426,'/sys_log/list_syslog','SysLogController.GetSysLogListByPage',1,'abc123','{}',1532489752),
	(427,'/sys_log/list_syslog?page_num=2','SysLogController.GetSysLogListByPage',1,'abc123','{\"page_num\":[\"2\"]}',1532489762),
	(428,'/sys_log/list_syslog?page_num=3','SysLogController.GetSysLogListByPage',1,'abc123','{\"page_num\":[\"3\"]}',1532489762),
	(429,'/sys_log/list_syslog?page_num=4','SysLogController.GetSysLogListByPage',1,'abc123','{\"page_num\":[\"4\"]}',1532489763),
	(430,'/sys_log/list_syslog?page_num=5','SysLogController.GetSysLogListByPage',1,'abc123','{\"page_num\":[\"5\"]}',1532489763),
	(431,'/sys_log/list_syslog?page_num=43','SysLogController.GetSysLogListByPage',1,'abc123','{\"page_num\":[\"43\"]}',1532489765),
	(432,'/sys_log/list_syslog?page_num=44','SysLogController.GetSysLogListByPage',1,'abc123','{\"page_num\":[\"44\"]}',1532489834),
	(433,'/sys_role/list_sysrole','SysRoleController.GetSysRoleListByPage',1,'abc123','{}',1532489840),
	(434,'/sys_log/list_syslog?page_num=1','SysLogController.GetSysLogListByPage',1,'abc123','{\"page_num\":[\"1\"]}',1532489842),
	(435,'/sys_log/list_syslog?page_num=44','SysLogController.GetSysLogListByPage',1,'abc123','{\"page_num\":[\"44\"]}',1532489844),
	(436,'/sys_log/list_syslog?page_num=1','SysLogController.GetSysLogListByPage',1,'abc123','{\"page_num\":[\"1\"]}',1532489850),
	(437,'/sys_log/list_syslog?page_num=2','SysLogController.GetSysLogListByPage',1,'abc123','{\"page_num\":[\"2\"]}',1532489854),
	(438,'/sys_log/list_syslog?page_num=1','SysLogController.GetSysLogListByPage',1,'abc123','{\"page_num\":[\"1\"]}',1532489855),
	(439,'/sys_log/list_syslog?page_num=1','SysLogController.GetSysLogListByPage',1,'abc123','{\"page_num\":[\"1\"]}',1532489862),
	(440,'/sys_log/list_syslog?page_num=1','SysLogController.GetSysLogListByPage',1,'abc123','{\"page_num\":[\"1\"]}',1532489865),
	(441,'/sys_log/list_syslog?page_num=1','SysLogController.GetSysLogListByPage',1,'abc123','{\"page_num\":[\"1\"]}',1532489866),
	(442,'/sys_log/list_syslog?page_num=1','SysLogController.GetSysLogListByPage',1,'abc123','{\"page_num\":[\"1\"]}',1532489866),
	(443,'/sys_log/list_syslog?page_num=1','SysLogController.GetSysLogListByPage',1,'abc123','{\"page_num\":[\"1\"]}',1532489867),
	(444,'/sys_log/list_syslog?page_num=1','SysLogController.GetSysLogListByPage',1,'abc123','{\"page_num\":[\"1\"]}',1532489867),
	(445,'/sys_log/list_syslog?page_num=1','SysLogController.GetSysLogListByPage',1,'abc123','{\"page_num\":[\"1\"]}',1532489867),
	(446,'/sys_log/list_syslog?page_num=1','SysLogController.GetSysLogListByPage',1,'abc123','{\"page_num\":[\"1\"]}',1532489868),
	(447,'/sys_log/list_syslog?page_num=1','SysLogController.GetSysLogListByPage',1,'abc123','{\"page_num\":[\"1\"]}',1532489868),
	(448,'/sys_log/list_syslog?page_num=1','SysLogController.GetSysLogListByPage',1,'abc123','{\"page_num\":[\"1\"]}',1532489868),
	(449,'/sys_log/list_syslog?page_num=1','SysLogController.GetSysLogListByPage',1,'abc123','{\"page_num\":[\"1\"]}',1532489868),
	(450,'/sys_log/list_syslog?page_num=1','SysLogController.GetSysLogListByPage',1,'abc123','{\"page_num\":[\"1\"]}',1532489868),
	(451,'/sys_log/list_syslog?page_num=1','SysLogController.GetSysLogListByPage',1,'abc123','{\"page_num\":[\"1\"]}',1532489869),
	(452,'/sys_log/list_syslog?page_num=1','SysLogController.GetSysLogListByPage',1,'abc123','{\"page_num\":[\"1\"]}',1532489869),
	(453,'/sys_log/list_syslog?page_num=1','SysLogController.GetSysLogListByPage',1,'abc123','{\"page_num\":[\"1\"]}',1532489869),
	(454,'/sys_log/list_syslog?page_num=1','SysLogController.GetSysLogListByPage',1,'abc123','{\"page_num\":[\"1\"]}',1532489869),
	(455,'/sys_menu/list_sysmenu','SysMenuController.ListSysMenu',1,'abc123','{}',1532489871),
	(456,'/sys_menu/form_modify_sysmenu?menu_id=32','SysMenuController.FormModifySysMenu',1,'abc123','{\"menu_id\":[\"32\"]}',1532489876),
	(457,'/sys_menu/form_modify_sysmenu?menu_id=32','SysMenuController.FormModifySysMenu',1,'abc123','{\"menu_id\":[\"32\"]}',1532489982),
	(458,'/sys_menu/save_sysmenu','SysMenuController.SaveSysMenu',1,'abc123','{\"Id\":[\"32\"],\"MenuFuncs\":[\"[\\r\\n  {\\r\\n    \\\"func_id\\\": 1,\\r\\n    \\\"func_name\\\": \\\"GetSysLogListByPage\\\",\\r\\n    \\\"func_desc\\\": \\\"操作日志列表\\\"\\r\\n  },\\r\\n  {\\r\\n    \\\"func_id\\\": 2,\\r\\n    \\\"func_name\\\": \\\"DeleteSysLog\\\",\\r\\n    \\\"func_desc\\\": \\\"操作日志删除\\\"\\r\\n  }\\r\\n]\"],\"MenuIcon\":[\"\"],\"MenuLevel\":[\"2\"],\"MenuName\":[\"操作日志\"],\"MenuRootid\":[\"1\"],\"MenuStatus\":[\"1\"],\"MenuUrl\":[\"SysLogController.GetSysLogListByPage\"]}',1532490342),
	(459,'/sys_menu/list_sysmenu','SysMenuController.ListSysMenu',1,'abc123','{}',1532490343),
	(460,'/sys_role/form_add_sysrole','SysRoleController.FormAddSysRole',1,'abc123','{}',1532490350),
	(461,'/sys_menu/modify_sysmenu_status?menu_ids=26&menu_status=1','SysMenuController.ModifySysMenuStatus',1,'abc123','{\"menu_ids\":[\"26\"],\"menu_status\":[\"1\"]}',1532490378),
	(462,'/sys_menu/list_sysmenu','SysMenuController.ListSysMenu',1,'abc123','{}',1532490380),
	(463,'/sys_menu/form_modify_sysmenu?menu_id=32','SysMenuController.FormModifySysMenu',1,'abc123','{\"menu_id\":[\"32\"]}',1532490394),
	(464,'/sys_menu/list_sysmenu','SysMenuController.ListSysMenu',1,'abc123','{}',1532490427),
	(465,'/sys_menu/list_sysmenu','SysMenuController.ListSysMenu',1,'abc123','{}',1532490486),
	(466,'/sys_menu/list_sysmenu','SysMenuController.ListSysMenu',1,'abc123','{}',1532490518),
	(467,'/sys_menu/form_modify_sysmenu?menu_id=32','SysMenuController.FormModifySysMenu',1,'abc123','{\"menu_id\":[\"32\"]}',1532490565),
	(468,'/sys_menu/list_sysmenu','SysMenuController.ListSysMenu',1,'abc123','{}',1532490592),
	(469,'/sys_menu/list_sysmenu','SysMenuController.ListSysMenu',1,'abc123','{}',1532490681),
	(470,'/sys_menu/list_sysmenu','SysMenuController.ListSysMenu',1,'abc123','{}',1532490703),
	(471,'/sys_menu/list_sysmenu','SysMenuController.ListSysMenu',1,'abc123','{}',1532490734),
	(472,'/sys_menu/list_sysmenu','SysMenuController.ListSysMenu',1,'abc123','{}',1532490746),
	(473,'/sys_menu/list_sysmenu','SysMenuController.ListSysMenu',1,'abc123','{}',1532490771),
	(474,'/sys_menu/form_modify_sysmenu?menu_id=2','SysMenuController.FormModifySysMenu',1,'abc123','{\"menu_id\":[\"2\"]}',1532490790),
	(475,'/sys_menu/form_modify_sysmenu?menu_id=26','SysMenuController.FormModifySysMenu',1,'abc123','{\"menu_id\":[\"26\"]}',1532490799),
	(476,'/sys_menu/save_sysmenu','SysMenuController.SaveSysMenu',1,'abc123','{\"Id\":[\"26\"],\"MenuFuncs\":[\"[\\r\\n  {\\r\\n    \\\"func_id\\\": 1,\\r\\n    \\\"func_name\\\": \\\"ListSysUser\\\",\\r\\n    \\\"func_desc\\\": \\\"用户列表\\\"\\r\\n  },\\r\\n  {\\r\\n    \\\"func_id\\\": 2,\\r\\n    \\\"func_name\\\": \\\"FormAddSysUser\\\",\\r\\n    \\\"func_desc\\\": \\\"添加用户表单\\\"\\r\\n  },\\r\\n  {\\r\\n    \\\"func_id\\\": 3,\\r\\n    \\\"func_name\\\": \\\"AddSysUser\\\",\\r\\n    \\\"func_desc\\\": \\\"添加用户\\\"\\r\\n  },\\r\\n  {\\r\\n    \\\"func_id\\\": 4,\\r\\n    \\\"func_name\\\": \\\"FormModifySysUser\\\",\\r\\n    \\\"func_desc\\\": \\\"修改用户表单\\\"\\r\\n  },\\r\\n  {\\r\\n    \\\"func_id\\\": 5,\\r\\n    \\\"func_name\\\": \\\"SaveSysUser\\\",\\r\\n    \\\"func_desc\\\": \\\"保存用户修改\\\"\\r\\n  },\\r\\n  {\\r\\n    \\\"func_id\\\": 6,\\r\\n    \\\"func_name\\\": \\\"ModifySysUserStatus\\\",\\r\\n    \\\"func_desc\\\": \\\"修改用户状态\\\"\\r\\n  },\\r\\n  {\\r\\n    \\\"func_id\\\": 7,\\r\\n    \\\"func_name\\\": \\\"DeleteSysUser\\\",\\r\\n    \\\"func_desc\\\": \\\"删除用户\\\"\\r\\n  }\\r\\n]\"],\"MenuIcon\":[\"\"],\"MenuLevel\":[\"2\"],\"MenuName\":[\"用户列表\"],\"MenuRootid\":[\"1\"],\"MenuStatus\":[\"1\"],\"MenuUrl\":[\"\"]}',1532490890),
	(477,'/sys_menu/list_sysmenu','SysMenuController.ListSysMenu',1,'abc123','{}',1532490892),
	(478,'/sys_menu/form_modify_sysmenu?menu_id=26','SysMenuController.FormModifySysMenu',1,'abc123','{\"menu_id\":[\"26\"]}',1532490901),
	(479,'/sys_menu/save_sysmenu','SysMenuController.SaveSysMenu',1,'abc123','{\"Id\":[\"26\"],\"MenuFuncs\":[\"[\\r\\n  {\\r\\n    \\\"func_id\\\": 1,\\r\\n    \\\"func_name\\\": \\\"ListSysUser\\\",\\r\\n    \\\"func_desc\\\": \\\"用户列表\\\"\\r\\n  },\\r\\n  {\\r\\n    \\\"func_id\\\": 2,\\r\\n    \\\"func_name\\\": \\\"FormAddSysUser\\\",\\r\\n    \\\"func_desc\\\": \\\"添加用户表单\\\"\\r\\n  },\\r\\n  {\\r\\n    \\\"func_id\\\": 3,\\r\\n    \\\"func_name\\\": \\\"AddSysUser\\\",\\r\\n    \\\"func_desc\\\": \\\"添加用户\\\"\\r\\n  },\\r\\n  {\\r\\n    \\\"func_id\\\": 4,\\r\\n    \\\"func_name\\\": \\\"FormModifySysUser\\\",\\r\\n    \\\"func_desc\\\": \\\"修改用户表单\\\"\\r\\n  },\\r\\n  {\\r\\n    \\\"func_id\\\": 5,\\r\\n    \\\"func_name\\\": \\\"SaveSysUser\\\",\\r\\n    \\\"func_desc\\\": \\\"保存用户修改\\\"\\r\\n  },\\r\\n  {\\r\\n    \\\"func_id\\\": 6,\\r\\n    \\\"func_name\\\": \\\"ModifySysUserStatus\\\",\\r\\n    \\\"func_desc\\\": \\\"修改用户状态\\\"\\r\\n  },\\r\\n  {\\r\\n    \\\"func_id\\\": 7,\\r\\n    \\\"func_name\\\": \\\"DeleteSysUser\\\",\\r\\n    \\\"func_desc\\\": \\\"删除用户\\\"\\r\\n  }\\r\\n]\"],\"MenuIcon\":[\"\"],\"MenuLevel\":[\"2\"],\"MenuName\":[\"用户列表\"],\"MenuRootid\":[\"1\"],\"MenuStatus\":[\"1\"],\"MenuUrl\":[\"SysUserController.GetSysUserListByPage\"]}',1532490918),
	(480,'/sys_menu/list_sysmenu','SysMenuController.ListSysMenu',1,'abc123','{}',1532490919),
	(481,'/sys_role/form_add_sysrole','SysRoleController.FormAddSysRole',1,'abc123','{}',1532490927),
	(482,'/sys_menu/list_sysmenu','SysMenuController.ListSysMenu',1,'abc123','{}',1532491071),
	(483,'/sys_menu/list_sysmenu','SysMenuController.ListSysMenu',1,'abc123','{}',1532491077),
	(484,'/sys_menu/list_sysmenu','SysMenuController.ListSysMenu',1,'abc123','{}',1532491089),
	(485,'/sys_menu/list_sysmenu','SysMenuController.ListSysMenu',1,'abc123','{}',1532491107),
	(486,'/sys_menu/list_sysmenu','SysMenuController.ListSysMenu',1,'abc123','{}',1532491117),
	(487,'/sys_menu/list_sysmenu','SysMenuController.ListSysMenu',1,'abc123','{}',1532491128),
	(488,'/sys_menu/list_sysmenu','SysMenuController.ListSysMenu',1,'abc123','{}',1532491139),
	(489,'/sys_menu/list_sysmenu','SysMenuController.ListSysMenu',1,'abc123','{}',1532491186),
	(490,'/sys_menu/list_sysmenu','SysMenuController.ListSysMenu',1,'abc123','{}',1532491190),
	(491,'/sys_menu/list_sysmenu','SysMenuController.ListSysMenu',1,'abc123','{}',1532491205),
	(492,'/sys_menu/list_sysmenu','SysMenuController.ListSysMenu',1,'abc123','{}',1532491215),
	(493,'/sys_menu/list_sysmenu','SysMenuController.ListSysMenu',1,'abc123','{}',1532491216),
	(494,'/sys_menu/list_sysmenu','SysMenuController.ListSysMenu',1,'abc123','{}',1532491229),
	(495,'/sys_menu/list_sysmenu','SysMenuController.ListSysMenu',1,'abc123','{}',1532491233),
	(496,'/sys_menu/list_sysmenu','SysMenuController.ListSysMenu',1,'abc123','{}',1532491240),
	(497,'/sys_menu/list_sysmenu','SysMenuController.ListSysMenu',1,'abc123','{}',1532491245),
	(498,'/order/list_order_flow','OrderController.ListOrderFlow',1,'abc123','{}',1532491284),
	(499,'/sys_menu/list_sysmenu','SysMenuController.ListSysMenu',1,'abc123','{}',1532491293),
	(500,'/sys_home/index','SysHomeController.Index',1,'abc123','{}',1532491315),
	(501,'/sys_home/serverInfo','SysHomeController.ServerInfo',1,'abc123','{}',1532491315),
	(502,'/sys_menu/list_sysmenu','SysMenuController.ListSysMenu',1,'abc123','{}',1532491318),
	(503,'/sys_role/list_sysrole','SysRoleController.GetSysRoleListByPage',1,'abc123','{}',1532491322),
	(504,'/sys_log/list_syslog','SysLogController.GetSysLogListByPage',1,'abc123','{}',1532491325),
	(505,'/sys_menu/list_sysmenu','SysMenuController.ListSysMenu',1,'abc123','{}',1532491339),
	(506,'/sys_menu/form_add_sysmenu','SysMenuController.FormAddSysMenu',1,'abc123','{}',1532491340),
	(507,'/sys_role/list_sysrole','SysRoleController.GetSysRoleListByPage',1,'abc123','{}',1532491346),
	(508,'/sys_role/form_add_sysrole','SysRoleController.FormAddSysRole',1,'abc123','{}',1532491347),
	(509,'/sys_role/form_add_sysrole','SysRoleController.FormAddSysRole',1,'abc123','{}',1532491399),
	(510,'/sys_menu/list_sysmenu','SysMenuController.ListSysMenu',1,'abc123','{}',1532491437),
	(511,'/sys_home/index','SysHomeController.Index',1,'abc123','{}',1532491442),
	(512,'/sys_home/serverInfo','SysHomeController.ServerInfo',1,'abc123','{}',1532491442),
	(513,'/sys_home/index','SysHomeController.Index',1,'abc123','{}',1532491444),
	(514,'/sys_home/serverInfo','SysHomeController.ServerInfo',1,'abc123','{}',1532491444),
	(515,'/sys_home/index','SysHomeController.Index',1,'abc123','{}',1532491452),
	(516,'/sys_home/serverInfo','SysHomeController.ServerInfo',1,'abc123','{}',1532491452),
	(517,'/sys_home/index','SysHomeController.Index',1,'abc123','{}',1532491457),
	(518,'/sys_home/serverInfo','SysHomeController.ServerInfo',1,'abc123','{}',1532491457),
	(519,'/sys_log/list_syslog','SysLogController.GetSysLogListByPage',1,'abc123','{}',1532491464),
	(520,'/sys_log/list_syslog?page_num=2','SysLogController.GetSysLogListByPage',1,'abc123','{\"page_num\":[\"2\"]}',1532491468),
	(521,'/sys_log/list_syslog?page_num=3','SysLogController.GetSysLogListByPage',1,'abc123','{\"page_num\":[\"3\"]}',1532491470),
	(522,'/sys_log/list_syslog?page_num=4','SysLogController.GetSysLogListByPage',1,'abc123','{\"page_num\":[\"4\"]}',1532491471),
	(523,'/sys_log/list_syslog?page_num=5','SysLogController.GetSysLogListByPage',1,'abc123','{\"page_num\":[\"5\"]}',1532491472),
	(524,'/sys_log/list_syslog?page_num=6','SysLogController.GetSysLogListByPage',1,'abc123','{\"page_num\":[\"6\"]}',1532491501),
	(525,'/sys_log/list_syslog?page_num=7','SysLogController.GetSysLogListByPage',1,'abc123','{\"page_num\":[\"7\"]}',1532491502),
	(526,'/sys_log/list_syslog?page_num=8','SysLogController.GetSysLogListByPage',1,'abc123','{\"page_num\":[\"8\"]}',1532491518),
	(527,'/sys_log/list_syslog?page_num=9','SysLogController.GetSysLogListByPage',1,'abc123','{\"page_num\":[\"9\"]}',1532491525),
	(528,'/sys_log/list_syslog?page_num=10','SysLogController.GetSysLogListByPage',1,'abc123','{\"page_num\":[\"10\"]}',1532491526),
	(529,'/sys_log/list_syslog?page_num=11','SysLogController.GetSysLogListByPage',1,'abc123','{\"page_num\":[\"11\"]}',1532491527),
	(530,'/sys_log/list_syslog?page_num=12','SysLogController.GetSysLogListByPage',1,'abc123','{\"page_num\":[\"12\"]}',1532491528),
	(531,'/sys_log/list_syslog?page_num=13','SysLogController.GetSysLogListByPage',1,'abc123','{\"page_num\":[\"13\"]}',1532491529),
	(532,'/sys_log/list_syslog?page_num=14','SysLogController.GetSysLogListByPage',1,'abc123','{\"page_num\":[\"14\"]}',1532491529),
	(533,'/sys_log/list_syslog?page_num=15','SysLogController.GetSysLogListByPage',1,'abc123','{\"page_num\":[\"15\"]}',1532491530),
	(534,'/sys_log/list_syslog?page_num=16','SysLogController.GetSysLogListByPage',1,'abc123','{\"page_num\":[\"16\"]}',1532491530),
	(535,'/sys_menu/list_sysmenu','SysMenuController.ListSysMenu',1,'abc123','{}',1532491532),
	(536,'/sys_menu/form_add_sysmenu','SysMenuController.FormAddSysMenu',1,'abc123','{}',1532491553),
	(537,'/sys_home/index','SysHomeController.Index',1,'abc123','{}',1532491557),
	(538,'/sys_home/serverInfo','SysHomeController.ServerInfo',1,'abc123','{}',1532491557),
	(539,'/sys_menu/list_sysmenu','SysMenuController.ListSysMenu',1,'abc123','{}',1532491559),
	(540,'/sys_role/list_sysrole','SysRoleController.GetSysRoleListByPage',1,'abc123','{}',1532491586),
	(541,'/sys_role/form_modify_sysrole?role_id=121','SysRoleController.FormModifySysRole',1,'abc123','{\"role_id\":[\"121\"]}',1532491591),
	(542,'/sys_log/list_syslog','SysLogController.GetSysLogListByPage',1,'abc123','{}',1532491605),
	(543,'/sys_home/index','SysHomeController.Index',1,'abc123','{}',1532491959),
	(544,'/sys_home/serverInfo','SysHomeController.ServerInfo',1,'abc123','{}',1532491959),
	(545,'/sys_menu/list_sysmenu','SysMenuController.ListSysMenu',1,'abc123','{}',1532495402),
	(546,'/sys_log/list_syslog','SysLogController.GetSysLogListByPage',1,'abc123','{}',1532496550),
	(547,'/sys_log/list_syslog?page_num=2','SysLogController.GetSysLogListByPage',1,'abc123','{\"page_num\":[\"2\"]}',1532496582),
	(548,'/sys_log/list_syslog?page_num=55','SysLogController.GetSysLogListByPage',1,'abc123','{\"page_num\":[\"55\"]}',1532496583),
	(549,'/sys_log/list_syslog?page_num=52','SysLogController.GetSysLogListByPage',1,'abc123','{\"page_num\":[\"52\"]}',1532496585),
	(550,'/sys_log/list_syslog?page_num=50','SysLogController.GetSysLogListByPage',1,'abc123','{\"page_num\":[\"50\"]}',1532496587),
	(551,'/sys_log/list_syslog?page_num=1','SysLogController.GetSysLogListByPage',1,'abc123','{\"page_num\":[\"1\"]}',1532496588),
	(552,'/sys_log/list_syslog?page_num=2','SysLogController.GetSysLogListByPage',1,'abc123','{\"page_num\":[\"2\"]}',1532496589),
	(553,'/sys_log/list_syslog?page_num=3','SysLogController.GetSysLogListByPage',1,'abc123','{\"page_num\":[\"3\"]}',1532496590),
	(554,'/sys_log/list_syslog?page_num=4','SysLogController.GetSysLogListByPage',1,'abc123','{\"page_num\":[\"4\"]}',1532496591),
	(555,'/sys_log/list_syslog?page_num=5','SysLogController.GetSysLogListByPage',1,'abc123','{\"page_num\":[\"5\"]}',1532496591),
	(556,'/sys_log/list_syslog?page_num=6','SysLogController.GetSysLogListByPage',1,'abc123','{\"page_num\":[\"6\"]}',1532496592),
	(557,'/sys_log/list_syslog?page_num=7','SysLogController.GetSysLogListByPage',1,'abc123','{\"page_num\":[\"7\"]}',1532496594),
	(558,'/sys_log/list_syslog?page_num=8','SysLogController.GetSysLogListByPage',1,'abc123','{\"page_num\":[\"8\"]}',1532496595),
	(559,'/sys_menu/list_sysmenu','SysMenuController.ListSysMenu',1,'abc123','{}',1532496780),
	(560,'/sys_menu/list_sysmenu','SysMenuController.ListSysMenu',1,'abc123','{}',1532496821),
	(561,'/sys_menu/list_sysmenu','SysMenuController.ListSysMenu',1,'abc123','{}',1532496917),
	(562,'/sys_menu/list_sysmenu','SysMenuController.ListSysMenu',1,'abc123','{}',1532496947),
	(563,'/sys_menu/list_sysmenu','SysMenuController.ListSysMenu',1,'abc123','{}',1532496982),
	(564,'/sys_menu/list_sysmenu','SysMenuController.ListSysMenu',1,'abc123','{}',1532497060),
	(565,'/sys_menu/list_sysmenu','SysMenuController.ListSysMenu',1,'abc123','{}',1532497079),
	(566,'/sys_menu/form_modify_sysmenu?menu_id=26','SysMenuController.FormModifySysMenu',1,'abc123','{\"menu_id\":[\"26\"]}',1532497176),
	(567,'/sys_user/login_out','SysUserController.LogOut',1,'abc123','{}',1532497322),
	(568,'/sys_home/index','SysHomeController.Index',1,'abc123','{}',1532497327),
	(569,'/sys_home/serverInfo','SysHomeController.ServerInfo',1,'abc123','{}',1532497327),
	(570,'/sys_user/login_out','SysUserController.LogOut',1,'abc123','{}',1532497434),
	(571,'/sys_home/index','SysHomeController.Index',1,'abc123','{}',1532497439),
	(572,'/sys_home/serverInfo','SysHomeController.ServerInfo',1,'abc123','{}',1532497440),
	(573,'/sys_menu/list_sysmenu','SysMenuController.ListSysMenu',1,'abc123','{}',1532497942),
	(574,'/sys_home/index','SysHomeController.Index',1,'abc123','{}',1532497977),
	(575,'/sys_home/serverInfo','SysHomeController.ServerInfo',1,'abc123','{}',1532497977),
	(576,'/sys_home/index','SysHomeController.Index',1,'abc123','{}',1532505404),
	(577,'/sys_home/serverInfo','SysHomeController.ServerInfo',1,'abc123','{}',1532505404),
	(578,'/sys_menu/list_sysmenu','SysMenuController.ListSysMenu',1,'abc123','{}',1532505407),
	(579,'/sys_log/list_syslog','SysLogController.GetSysLogListByPage',1,'abc123','{}',1532507875),
	(580,'/sys_log/list_syslog?page_num=2','SysLogController.GetSysLogListByPage',1,'abc123','{\"page_num\":[\"2\"]}',1532507877),
	(581,'/sys_log/list_syslog?page_num=3','SysLogController.GetSysLogListByPage',1,'abc123','{\"page_num\":[\"3\"]}',1532507878),
	(582,'/sys_log/list_syslog?page_num=3','SysLogController.GetSysLogListByPage',1,'abc123','{\"page_num\":[\"3\"]}',1532508439),
	(583,'/sys_log/list_syslog','SysLogController.GetSysLogListByPage',1,'abc123','{}',1532508597),
	(584,'/sys_log/list_syslog?page_num=2','SysLogController.GetSysLogListByPage',1,'abc123','{\"page_num\":[\"2\"]}',1532508601),
	(585,'/sys_log/list_syslog?page_num=3','SysLogController.GetSysLogListByPage',1,'abc123','{\"page_num\":[\"3\"]}',1532508602),
	(586,'/sys_log/list_syslog?page_num=4','SysLogController.GetSysLogListByPage',1,'abc123','{\"page_num\":[\"4\"]}',1532508602),
	(587,'/sys_log/list_syslog?page_num=5','SysLogController.GetSysLogListByPage',1,'abc123','{\"page_num\":[\"5\"]}',1532508603),
	(588,'/sys_log/list_syslog?page_num=6','SysLogController.GetSysLogListByPage',1,'abc123','{\"page_num\":[\"6\"]}',1532508605),
	(589,'/sys_log/list_syslog?page_num=7','SysLogController.GetSysLogListByPage',1,'abc123','{\"page_num\":[\"7\"]}',1532508606),
	(590,'/sys_log/list_syslog?page_num=8','SysLogController.GetSysLogListByPage',1,'abc123','{\"page_num\":[\"8\"]}',1532508606),
	(591,'/sys_log/list_syslog?page_num=9','SysLogController.GetSysLogListByPage',1,'abc123','{\"page_num\":[\"9\"]}',1532508607),
	(592,'/sys_log/list_syslog?page_num=10','SysLogController.GetSysLogListByPage',1,'abc123','{\"page_num\":[\"10\"]}',1532508608),
	(593,'/sys_log/list_syslog?page_num=11','SysLogController.GetSysLogListByPage',1,'abc123','{\"page_num\":[\"11\"]}',1532508608),
	(594,'/sys_log/list_syslog?page_num=12','SysLogController.GetSysLogListByPage',1,'abc123','{\"page_num\":[\"12\"]}',1532508609),
	(595,'/sys_log/list_syslog?page_num=13','SysLogController.GetSysLogListByPage',1,'abc123','{\"page_num\":[\"13\"]}',1532508609),
	(596,'/sys_log/list_syslog?page_num=14','SysLogController.GetSysLogListByPage',1,'abc123','{\"page_num\":[\"14\"]}',1532508609),
	(597,'/sys_log/list_syslog?page_num=14','SysLogController.GetSysLogListByPage',1,'abc123','{\"page_num\":[\"14\"]}',1532508636),
	(598,'/sys_log/list_syslog?page_num=14','SysLogController.GetSysLogListByPage',1,'abc123','{\"page_num\":[\"14\"]}',1532508654),
	(599,'/sys_log/list_syslog?page_num=15','SysLogController.GetSysLogListByPage',1,'abc123','{\"page_num\":[\"15\"]}',1532508658),
	(600,'/sys_menu/list_sysmenu','SysMenuController.ListSysMenu',1,'abc123','{}',1532509083),
	(601,'/sys_menu/list_sysmenu','SysMenuController.ListSysMenu',1,'abc123','{}',1532509084),
	(602,'/sys_menu/form_modify_sysmenu?menu_id=2','SysMenuController.FormModifySysMenu',1,'abc123','{\"menu_id\":[\"2\"]}',1532509124),
	(603,'/sys_home/index','SysHomeController.Index',1,'abc123','{}',1532571558),
	(604,'/sys_home/serverInfo','SysHomeController.ServerInfo',1,'abc123','{}',1532571558),
	(605,'/sys_menu/list_sysmenu','SysMenuController.ListSysMenu',1,'abc123','{}',1532571560),
	(606,'/sys_menu/list_sysmenu','SysMenuController.ListSysMenu',1,'abc123','{}',1532571720),
	(607,'/sys_role/list_sysrole','SysRoleController.GetSysRoleListByPage',1,'abc123','{}',1532571755),
	(608,'/sys_menu/list_sysmenu','SysMenuController.ListSysMenu',1,'abc123','{}',1532571757),
	(609,'/sys_menu/list_sysmenu','SysMenuController.ListSysMenu',1,'abc123','{}',1532572110),
	(610,'/sys_menu/list_sysmenu','SysMenuController.ListSysMenu',1,'abc123','{}',1532572185),
	(611,'/sys_menu/list_sysmenu','SysMenuController.ListSysMenu',1,'abc123','{}',1532572251),
	(612,'/sys_menu/list_sysmenu','SysMenuController.ListSysMenu',1,'abc123','{}',1532572826),
	(613,'/sys_menu/list_sysmenu','SysMenuController.ListSysMenu',1,'abc123','{}',1532572830),
	(614,'/sys_menu/list_sysmenu','SysMenuController.ListSysMenu',1,'abc123','{}',1532573294),
	(615,'/sys_menu/list_sysmenu','SysMenuController.ListSysMenu',1,'abc123','{}',1532573320),
	(616,'/sys_menu/list_sysmenu','SysMenuController.ListSysMenu',1,'abc123','{}',1532573321),
	(617,'/sys_menu/list_sysmenu','SysMenuController.ListSysMenu',1,'abc123','{}',1532573322),
	(618,'/sys_menu/list_sysmenu','SysMenuController.ListSysMenu',1,'abc123','{}',1532573323),
	(619,'/sys_menu/list_sysmenu','SysMenuController.ListSysMenu',1,'abc123','{}',1532573323),
	(620,'/sys_menu/list_sysmenu','SysMenuController.ListSysMenu',1,'abc123','{}',1532573328),
	(621,'/sys_menu/list_sysmenu','SysMenuController.ListSysMenu',1,'abc123','{}',1532573341),
	(622,'/sys_menu/list_sysmenu','SysMenuController.ListSysMenu',1,'abc123','{}',1532573347),
	(623,'/sys_menu/list_sysmenu','SysMenuController.ListSysMenu',1,'abc123','{}',1532573356),
	(624,'/sys_menu/list_sysmenu','SysMenuController.ListSysMenu',1,'abc123','{}',1532573366),
	(625,'/sys_menu/list_sysmenu','SysMenuController.ListSysMenu',1,'abc123','{}',1532573400),
	(626,'/sys_menu/list_sysmenu','SysMenuController.ListSysMenu',1,'abc123','{}',1532573471),
	(627,'/sys_menu/form_modify_sysmenu?menu_id=2','SysMenuController.FormModifySysMenu',1,'abc123','{\"menu_id\":[\"2\"]}',1532573490),
	(628,'/sys_menu/form_modify_sysmenu?menu_id=2','SysMenuController.FormModifySysMenu',1,'abc123','{\"menu_id\":[\"2\"]}',1532573551),
	(629,'/sys_menu/save_sysmenu','SysMenuController.SaveSysMenu',1,'abc123','{\"Id\":[\"2\"],\"MenuFuncs\":[\"[{\\\"func_id\\\":1,\\\"func_name\\\":\\\"ListSysMenu\\\",\\\"func_desc\\\":\\\"菜单列表\\\"},{\\\"func_id\\\":2,\\\"func_name\\\":\\\"FormAddSysMenu\\\",\\\"func_desc\\\":\\\"添加菜单表单\\\"},{\\\"func_id\\\":3,\\\"func_name\\\":\\\"AddSysMenu\\\",\\\"func_desc\\\":\\\"添加菜单\\\"},{\\\"func_id\\\":4,\\\"func_name\\\":\\\"FormModifySysMenu\\\",\\\"func_desc\\\":\\\"修改菜单表单\\\"},{\\\"func_id\\\":5,\\\"func_name\\\":\\\"SaveSysMenu\\\",\\\"func_desc\\\":\\\"保存菜单修改\\\"},{\\\"func_id\\\":6,\\\"func_name\\\":\\\"ModifySysMenuStatus\\\",\\\"func_desc\\\":\\\"修改表单状态\\\"},{\\\"func_id\\\":7,\\\"func_name\\\":\\\"DeleteSysMenu\\\",\\\"func_desc\\\":\\\"删除菜单\\\"}]\"],\"MenuIcon\":[\"\"],\"MenuLevel\":[\"2\"],\"MenuName\":[\"菜单列表\"],\"MenuRootid\":[\"1\"],\"MenuStatus\":[\"1\"],\"MenuUrl\":[\"SysMenuController.ListSysMenu\"]}',1532573560),
	(630,'/sys_menu/list_sysmenu','SysMenuController.ListSysMenu',1,'abc123','{}',1532573561),
	(631,'/sys_menu/list_sysmenu','SysMenuController.ListSysMenu',1,'abc123','{}',1532573631),
	(632,'/sys_menu/list_sysmenu','SysMenuController.ListSysMenu',1,'abc123','{}',1532573685),
	(633,'/sys_menu/form_modify_sysmenu?menu_id=26','SysMenuController.FormModifySysMenu',1,'abc123','{\"menu_id\":[\"26\"]}',1532573755),
	(634,'/sys_menu/form_modify_sysmenu?menu_id=2','SysMenuController.FormModifySysMenu',1,'abc123','{\"menu_id\":[\"2\"]}',1532573805),
	(635,'/sys_role/list_sysrole','SysRoleController.GetSysRoleListByPage',1,'abc123','{}',1532573901),
	(636,'/sys_menu/form_modify_sysmenu?menu_id=26','SysMenuController.FormModifySysMenu',1,'abc123','{\"menu_id\":[\"26\"]}',1532573913),
	(637,'/sys_menu/form_modify_sysmenu?menu_id=2','SysMenuController.FormModifySysMenu',1,'abc123','{\"menu_id\":[\"2\"]}',1532573927),
	(638,'/sys_menu/form_modify_sysmenu?menu_id=2','SysMenuController.FormModifySysMenu',1,'abc123','{\"menu_id\":[\"2\"]}',1532574166),
	(639,'/sys_menu/form_modify_sysmenu?menu_id=2','SysMenuController.FormModifySysMenu',1,'abc123','{\"menu_id\":[\"2\"]}',1532574187),
	(640,'/sys_menu/list_sysmenu','SysMenuController.ListSysMenu',1,'abc123','{}',1532574233),
	(641,'/sys_menu/form_modify_sysmenu?menu_id=2','SysMenuController.FormModifySysMenu',1,'abc123','{\"menu_id\":[\"2\"]}',1532574238),
	(642,'/sys_menu/save_sysmenu','SysMenuController.SaveSysMenu',1,'abc123','{\"Id\":[\"2\"],\"MenuFuncs\":[\"[\\r\\n  {\\r\\n    \\\"func_id\\\": 1,\\r\\n    \\\"func_name\\\": \\\"ListSysMenu\\\",\\r\\n    \\\"func_desc\\\": \\\"菜单列表\\\"\\r\\n  },\\r\\n  {\\r\\n    \\\"func_id\\\": 2,\\r\\n    \\\"func_name\\\": \\\"FormAddSysMenu\\\",\\r\\n    \\\"func_desc\\\": \\\"添加菜单表单\\\"\\r\\n  },\\r\\n  {\\r\\n    \\\"func_id\\\": 3,\\r\\n    \\\"func_name\\\": \\\"AddSysMenu\\\",\\r\\n    \\\"func_desc\\\": \\\"添加菜单\\\"\\r\\n  },\\r\\n  {\\r\\n    \\\"func_id\\\": 4,\\r\\n    \\\"func_name\\\": \\\"FormModifySysMenu\\\",\\r\\n    \\\"func_desc\\\": \\\"修改菜单表单\\\"\\r\\n  },\\r\\n  {\\r\\n    \\\"func_id\\\": 5,\\r\\n    \\\"func_name\\\": \\\"SaveSysMenu\\\",\\r\\n    \\\"func_desc\\\": \\\"保存菜单修改\\\"\\r\\n  },\\r\\n  {\\r\\n    \\\"func_id\\\": 6,\\r\\n    \\\"func_name\\\": \\\"ModifySysMenuStatus\\\",\\r\\n    \\\"func_desc\\\": \\\"修改表单状态\\\"\\r\\n  },\\r\\n  {\\r\\n    \\\"func_id\\\": 7,\\r\\n    \\\"func_name\\\": \\\"DeleteSysMenu\\\",\\r\\n    \\\"func_desc\\\": \\\"删除菜单s\\\"\\r\\n  }\\r\\n]\"],\"MenuIcon\":[\"\"],\"MenuLevel\":[\"2\"],\"MenuName\":[\"菜单列表\"],\"MenuRootid\":[\"1\"],\"MenuStatus\":[\"1\"],\"MenuUrl\":[\"SysMenuController.ListSysMenu\"]}',1532574246),
	(643,'/sys_menu/list_sysmenu','SysMenuController.ListSysMenu',1,'abc123','{}',1532574247),
	(644,'/sys_menu/form_modify_sysmenu?menu_id=2','SysMenuController.FormModifySysMenu',1,'abc123','{\"menu_id\":[\"2\"]}',1532574261),
	(645,'/sys_menu/save_sysmenu','SysMenuController.SaveSysMenu',1,'abc123','{\"Id\":[\"2\"],\"MenuFuncs\":[\"[\\r\\n  {\\r\\n    \\\"func_id\\\": 1,\\r\\n    \\\"func_name\\\": \\\"ListSysMenu\\\",\\r\\n    \\\"func_desc\\\": \\\"菜单列表\\\"\\r\\n  },\\r\\n  {\\r\\n    \\\"func_id\\\": 2,\\r\\n    \\\"func_name\\\": \\\"FormAddSysMenu\\\",\\r\\n    \\\"func_desc\\\": \\\"添加菜单表单\\\"\\r\\n  },\\r\\n  {\\r\\n    \\\"func_id\\\": 3,\\r\\n    \\\"func_name\\\": \\\"AddSysMenu\\\",\\r\\n    \\\"func_desc\\\": \\\"添加菜单\\\"\\r\\n  },\\r\\n  {\\r\\n    \\\"func_id\\\": 4,\\r\\n    \\\"func_name\\\": \\\"FormModifySysMenu\\\",\\r\\n    \\\"func_desc\\\": \\\"修改菜单表单\\\"\\r\\n  },\\r\\n  {\\r\\n    \\\"func_id\\\": 5,\\r\\n    \\\"func_name\\\": \\\"SaveSysMenu\\\",\\r\\n    \\\"func_desc\\\": \\\"保存菜单修改\\\"\\r\\n  },\\r\\n  {\\r\\n    \\\"func_id\\\": 6,\\r\\n    \\\"func_name\\\": \\\"ModifySysMenuStatus\\\",\\r\\n    \\\"func_desc\\\": \\\"修改表单状态\\\"\\r\\n  },\\r\\n  {\\r\\n    \\\"func_id\\\": 7,\\r\\n    \\\"func_name\\\": \\\"DeleteSysMenu\\\",\\r\\n    \\\"func_desc\\\": \\\"删除菜单\\\"\\r\\n  }\\r\\n]\"],\"MenuIcon\":[\"\"],\"MenuLevel\":[\"2\"],\"MenuName\":[\"菜单列表\"],\"MenuRootid\":[\"1\"],\"MenuStatus\":[\"1\"],\"MenuUrl\":[\"SysMenuController.ListSysMenu\"]}',1532574268),
	(646,'/sys_menu/list_sysmenu','SysMenuController.ListSysMenu',1,'abc123','{}',1532574269),
	(647,'/sys_menu/form_modify_sysmenu?menu_id=2','SysMenuController.FormModifySysMenu',1,'abc123','{\"menu_id\":[\"2\"]}',1532574351),
	(648,'/sys_menu/form_modify_sysmenu?menu_id=2','SysMenuController.FormModifySysMenu',1,'abc123','{\"menu_id\":[\"2\"]}',1532574445),
	(649,'/sys_role/list_sysrole','SysRoleController.GetSysRoleListByPage',1,'abc123','{}',1532574482),
	(650,'/sys_role/form_add_sysrole','SysRoleController.FormAddSysRole',1,'abc123','{}',1532574484),
	(651,'/sys_menu/list_sysmenu','SysMenuController.ListSysMenu',1,'abc123','{}',1532575116),
	(652,'/sys_menu/form_modify_sysmenu?menu_id=2','SysMenuController.FormModifySysMenu',1,'abc123','{\"menu_id\":[\"2\"]}',1532575120),
	(653,'/sys_menu/save_sysmenu','SysMenuController.SaveSysMenu',1,'abc123','{\"Id\":[\"2\"],\"MenuFuncs\":[\"\\\"[\\\\n  {\\\\n    \\\\\\\"func_id\\\\\\\": 1,\\\\n    \\\\\\\"func_name\\\\\\\": \\\\\\\"ListSysMenu\\\\\\\",\\\\n    \\\\\\\"func_desc\\\\\\\": \\\\\\\"菜单列表s\\\\\\\"\\\\n  },\\\\n  {\\\\n    \\\\\\\"func_id\\\\\\\": 2,\\\\n    \\\\\\\"func_name\\\\\\\": \\\\\\\"FormAddSysMenu\\\\\\\",\\\\n    \\\\\\\"func_desc\\\\\\\": \\\\\\\"添加菜单表单\\\\\\\"\\\\n  },\\\\n  {\\\\n    \\\\\\\"func_id\\\\\\\": 3,\\\\n    \\\\\\\"func_name\\\\\\\": \\\\\\\"AddSysMenu\\\\\\\",\\\\n    \\\\\\\"func_desc\\\\\\\": \\\\\\\"添加菜单\\\\\\\"\\\\n  },\\\\n  {\\\\n    \\\\\\\"func_id\\\\\\\": 4,\\\\n    \\\\\\\"func_name\\\\\\\": \\\\\\\"FormModifySysMenu\\\\\\\",\\\\n    \\\\\\\"func_desc\\\\\\\": \\\\\\\"修改菜单表单\\\\\\\"\\\\n  },\\\\n  {\\\\n    \\\\\\\"func_id\\\\\\\": 5,\\\\n    \\\\\\\"func_name\\\\\\\": \\\\\\\"SaveSysMenu\\\\\\\",\\\\n    \\\\\\\"func_desc\\\\\\\": \\\\\\\"保存菜单修改\\\\\\\"\\\\n  },\\\\n  {\\\\n    \\\\\\\"func_id\\\\\\\": 6,\\\\n    \\\\\\\"func_name\\\\\\\": \\\\\\\"ModifySysMenuStatus\\\\\\\",\\\\n    \\\\\\\"func_desc\\\\\\\": \\\\\\\"修改表单状态\\\\\\\"\\\\n  },\\\\n  {\\\\n    \\\\\\\"func_id\\\\\\\": 7,\\\\n    \\\\\\\"func_name\\\\\\\": \\\\\\\"DeleteSysMenu\\\\\\\",\\\\n    \\\\\\\"func_desc\\\\\\\": \\\\\\\"删除菜单\\\\\\\"\\\\n  }\\\\n]\\\"\"],\"MenuIcon\":[\"\"],\"MenuLevel\":[\"2\"],\"MenuName\":[\"菜单列表\"],\"MenuRootid\":[\"1\"],\"MenuStatus\":[\"1\"],\"MenuUrl\":[\"SysMenuController.ListSysMenu\"]}',1532575128),
	(654,'/sys_menu/list_sysmenu','SysMenuController.ListSysMenu',1,'abc123','{}',1532575129),
	(655,'/sys_menu/form_modify_sysmenu?menu_id=2','SysMenuController.FormModifySysMenu',1,'abc123','{\"menu_id\":[\"2\"]}',1532575143),
	(656,'/sys_menu/form_modify_sysmenu?menu_id=2','SysMenuController.FormModifySysMenu',1,'abc123','{\"menu_id\":[\"2\"]}',1532575297),
	(657,'/sys_menu/list_sysmenu','SysMenuController.ListSysMenu',1,'abc123','{}',1532575530),
	(658,'/sys_menu/form_modify_sysmenu?menu_id=2','SysMenuController.FormModifySysMenu',1,'abc123','{\"menu_id\":[\"2\"]}',1532575534),
	(659,'/sys_menu/save_sysmenu','SysMenuController.SaveSysMenu',1,'abc123','{\"Id\":[\"2\"],\"MenuFuncs\":[\"\\\"[{\\\\\\\"func_id\\\\\\\":1,\\\\\\\"func_name\\\\\\\":\\\\\\\"ListSysMenu\\\\\\\",\\\\\\\"func_desc\\\\\\\":\\\\\\\"菜单列表\\\\\\\"},{\\\\\\\"func_id\\\\\\\":2,\\\\\\\"func_name\\\\\\\":\\\\\\\"FormAddSysMenu\\\\\\\",\\\\\\\"func_desc\\\\\\\":\\\\\\\"添加菜单表单\\\\\\\"},{\\\\\\\"func_id\\\\\\\":3,\\\\\\\"func_name\\\\\\\":\\\\\\\"AddSysMenu\\\\\\\",\\\\\\\"func_desc\\\\\\\":\\\\\\\"添加菜单\\\\\\\"},{\\\\\\\"func_id\\\\\\\":4,\\\\\\\"func_name\\\\\\\":\\\\\\\"FormModifySysMenu\\\\\\\",\\\\\\\"func_desc\\\\\\\":\\\\\\\"修改菜单表单\\\\\\\"},{\\\\\\\"func_id\\\\\\\":5,\\\\\\\"func_name\\\\\\\":\\\\\\\"SaveSysMenu\\\\\\\",\\\\\\\"func_desc\\\\\\\":\\\\\\\"保存菜单修改\\\\\\\"},{\\\\\\\"func_id\\\\\\\":6,\\\\\\\"func_name\\\\\\\":\\\\\\\"ModifySysMenuStatus\\\\\\\",\\\\\\\"func_desc\\\\\\\":\\\\\\\"修改表单状态\\\\\\\"},{\\\\\\\"func_id\\\\\\\":7,\\\\\\\"func_name\\\\\\\":\\\\\\\"DeleteSysMenu\\\\\\\",\\\\\\\"func_desc\\\\\\\":\\\\\\\"删除菜单\\\\\\\"}]\\\"\"],\"MenuIcon\":[\"\"],\"MenuLevel\":[\"2\"],\"MenuName\":[\"菜单列表\"],\"MenuRootid\":[\"1\"],\"MenuStatus\":[\"1\"],\"MenuUrl\":[\"SysMenuController.ListSysMenu\"]}',1532575554),
	(660,'/sys_menu/list_sysmenu','SysMenuController.ListSysMenu',1,'abc123','{}',1532575555),
	(661,'/sys_menu/form_modify_sysmenu?menu_id=2','SysMenuController.FormModifySysMenu',1,'abc123','{\"menu_id\":[\"2\"]}',1532575559),
	(662,'/sys_menu/list_sysmenu','SysMenuController.ListSysMenu',1,'abc123','{}',1532575862),
	(663,'/sys_menu/form_modify_sysmenu?menu_id=2','SysMenuController.FormModifySysMenu',1,'abc123','{\"menu_id\":[\"2\"]}',1532575867),
	(664,'/sys_menu/save_sysmenu','SysMenuController.SaveSysMenu',1,'abc123','{\"Id\":[\"2\"],\"MenuFuncs\":[\"[{\\\"func_id\\\":1,\\\"func_name\\\":\\\"ListSysMenu\\\",\\\"func_desc\\\":\\\"菜单列表\\\"},{\\\"func_id\\\":2,\\\"func_name\\\":\\\"FormAddSysMenu\\\",\\\"func_desc\\\":\\\"添加菜单表单\\\"},{\\\"func_id\\\":3,\\\"func_name\\\":\\\"AddSysMenu\\\",\\\"func_desc\\\":\\\"添加菜单\\\"},{\\\"func_id\\\":4,\\\"func_name\\\":\\\"FormModifySysMenu\\\",\\\"func_desc\\\":\\\"修改菜单表单\\\"},{\\\"func_id\\\":5,\\\"func_name\\\":\\\"SaveSysMenu\\\",\\\"func_desc\\\":\\\"保存菜单修改\\\"},{\\\"func_id\\\":6,\\\"func_name\\\":\\\"ModifySysMenuStatus\\\",\\\"func_desc\\\":\\\"修改表单状态\\\"},{\\\"func_id\\\":7,\\\"func_name\\\":\\\"DeleteSysMenu\\\",\\\"func_desc\\\":\\\"删除菜单\\\"}]\"],\"MenuIcon\":[\"\"],\"MenuLevel\":[\"2\"],\"MenuName\":[\"菜单列表\"],\"MenuRootid\":[\"1\"],\"MenuStatus\":[\"1\"],\"MenuUrl\":[\"SysMenuController.ListSysMenu\"]}',1532575872),
	(665,'/sys_menu/list_sysmenu','SysMenuController.ListSysMenu',1,'abc123','{}',1532575873),
	(666,'/sys_menu/form_modify_sysmenu?menu_id=2','SysMenuController.FormModifySysMenu',1,'abc123','{\"menu_id\":[\"2\"]}',1532575877),
	(667,'/sys_menu/list_sysmenu','SysMenuController.ListSysMenu',1,'abc123','{}',1532575920),
	(668,'/sys_menu/form_modify_sysmenu?menu_id=2','SysMenuController.FormModifySysMenu',1,'abc123','{\"menu_id\":[\"2\"]}',1532575929),
	(669,'/sys_menu/form_modify_sysmenu?menu_id=26','SysMenuController.FormModifySysMenu',1,'abc123','{\"menu_id\":[\"26\"]}',1532575949),
	(670,'/sys_menu/list_sysmenu','SysMenuController.ListSysMenu',1,'abc123','{}',1532576086),
	(671,'/sys_menu/list_sysmenu','SysMenuController.ListSysMenu',1,'abc123','{}',1532576098),
	(672,'/sys_menu/list_sysmenu','SysMenuController.ListSysMenu',1,'abc123','{}',1532576106),
	(673,'/sys_menu/list_sysmenu','SysMenuController.ListSysMenu',1,'abc123','{}',1532576170),
	(674,'/sys_menu/form_modify_sysmenu?menu_id=2','SysMenuController.FormModifySysMenu',1,'abc123','{\"menu_id\":[\"2\"]}',1532576176),
	(675,'/sys_menu/form_modify_sysmenu?menu_id=2','SysMenuController.FormModifySysMenu',1,'abc123','{\"menu_id\":[\"2\"]}',1532576200),
	(676,'/sys_menu/save_sysmenu','SysMenuController.SaveSysMenu',1,'abc123','{\"Id\":[\"2\"],\"MenuFuncs\":[\"[\\r\\n  {\\r\\n    \\\"func_id\\\": 1,\\r\\n    \\\"func_name\\\": \\\"ListSysMenu\\\",\\r\\n    \\\"func_desc\\\": \\\"菜单列表\\\"\\r\\n  },\\r\\n  {\\r\\n    \\\"func_id\\\": 2,\\r\\n    \\\"func_name\\\": \\\"FormAddSysMenu\\\",\\r\\n    \\\"func_desc\\\": \\\"添加菜单表单\\\"\\r\\n  },\\r\\n  {\\r\\n    \\\"func_id\\\": 3,\\r\\n    \\\"func_name\\\": \\\"AddSysMenu\\\",\\r\\n    \\\"func_desc\\\": \\\"添加菜单\\\"\\r\\n  },\\r\\n  {\\r\\n    \\\"func_id\\\": 4,\\r\\n    \\\"func_name\\\": \\\"FormModifySysMenu\\\",\\r\\n    \\\"func_desc\\\": \\\"修改菜单表单\\\"\\r\\n  },\\r\\n  {\\r\\n    \\\"func_id\\\": 5,\\r\\n    \\\"func_name\\\": \\\"SaveSysMenu\\\",\\r\\n    \\\"func_desc\\\": \\\"保存菜单修改\\\"\\r\\n  },\\r\\n  {\\r\\n    \\\"func_id\\\": 6,\\r\\n    \\\"func_name\\\": \\\"ModifySysMenuStatus\\\",\\r\\n    \\\"func_desc\\\": \\\"修改表单状态\\\"\\r\\n  },\\r\\n  {\\r\\n    \\\"func_id\\\": 7,\\r\\n    \\\"func_name\\\": \\\"DeleteSysMenu\\\",\\r\\n    \\\"func_desc\\\": \\\"删除菜单\\\"\\r\\n  }\\r\\n]\"],\"MenuIcon\":[\"\"],\"MenuLevel\":[\"2\"],\"MenuName\":[\"菜单列表\"],\"MenuRootid\":[\"1\"],\"MenuStatus\":[\"1\"],\"MenuUrl\":[\"SysMenuController.ListSysMenu\"]}',1532576207),
	(677,'/sys_menu/list_sysmenu','SysMenuController.ListSysMenu',1,'abc123','{}',1532576208),
	(678,'/sys_menu/form_modify_sysmenu?menu_id=2','SysMenuController.FormModifySysMenu',1,'abc123','{\"menu_id\":[\"2\"]}',1532576212),
	(679,'/sys_home/index','SysHomeController.Index',1,'abc123','{}',1532576221),
	(680,'/sys_home/serverInfo','SysHomeController.ServerInfo',1,'abc123','{}',1532576221),
	(681,'/sys_menu/list_sysmenu','SysMenuController.ListSysMenu',1,'abc123','{}',1532576240),
	(682,'/sys_menu/form_modify_sysmenu?menu_id=26','SysMenuController.FormModifySysMenu',1,'abc123','{\"menu_id\":[\"26\"]}',1532576258),
	(683,'/sys_log/list_syslog','SysLogController.GetSysLogListByPage',1,'abc123','{}',1532576267),
	(684,'/sys_log/list_syslog','SysLogController.GetSysLogListByPage',1,'abc123','{}',1532576332),
	(685,'/sys_log/list_syslog','SysLogController.GetSysLogListByPage',1,'abc123','{}',1532576359),
	(686,'/sys_menu/list_sysmenu','SysMenuController.ListSysMenu',1,'abc123','{}',1532576387),
	(687,'/sys_home/index','SysHomeController.Index',1,'abc123','{}',1532576402),
	(688,'/sys_home/serverInfo','SysHomeController.ServerInfo',1,'abc123','{}',1532576402),
	(689,'/sys_home/index','SysHomeController.Index',1,'abc123','{}',1532576403),
	(690,'/sys_home/serverInfo','SysHomeController.ServerInfo',1,'abc123','{}',1532576403),
	(691,'/sys_menu/list_sysmenu','SysMenuController.ListSysMenu',1,'abc123','{}',1532576405),
	(692,'/sys_menu/form_modify_sysmenu?menu_id=2','SysMenuController.FormModifySysMenu',1,'abc123','{\"menu_id\":[\"2\"]}',1532576410),
	(693,'/sys_role/list_sysrole','SysRoleController.GetSysRoleListByPage',1,'abc123','{}',1532576413),
	(694,'/sys_role/form_modify_sysrole?role_id=121','SysRoleController.FormModifySysRole',1,'abc123','{\"role_id\":[\"121\"]}',1532576416),
	(695,'/sys_home/index','SysHomeController.Index',1,'abc123','{}',1532576424),
	(696,'/sys_home/serverInfo','SysHomeController.ServerInfo',1,'abc123','{}',1532576424),
	(697,'/sys_menu/list_sysmenu','SysMenuController.ListSysMenu',1,'abc123','{}',1532576426),
	(698,'/sys_role/list_sysrole','SysRoleController.GetSysRoleListByPage',1,'abc123','{}',1532576427),
	(699,'/sys_role/form_add_sysrole','SysRoleController.FormAddSysRole',1,'abc123','{}',1532576457),
	(700,'/sys_menu/list_sysmenu','SysMenuController.ListSysMenu',1,'abc123','{}',1532576504),
	(701,'/sys_role/list_sysrole','SysRoleController.GetSysRoleListByPage',1,'abc123','{}',1532576651),
	(702,'/sys_log/list_syslog','SysLogController.GetSysLogListByPage',1,'abc123','{}',1532576652),
	(703,'/sys_home/index','SysHomeController.Index',1,'abc123','{}',1532584008),
	(704,'/sys_home/serverInfo','SysHomeController.ServerInfo',1,'abc123','{}',1532584008),
	(705,'/sys_menu/list_sysmenu','SysMenuController.ListSysMenu',1,'abc123','{}',1532584011),
	(706,'/sys_log/list_syslog','SysLogController.GetSysLogListByPage',1,'abc123','{}',1532584038),
	(707,'/sys_log/list_syslog?page_num=71','SysLogController.GetSysLogListByPage',1,'abc123','{\"page_num\":[\"71\"]}',1532584044),
	(708,'/sys_menu/list_sysmenu','SysMenuController.ListSysMenu',1,'abc123','{}',1532584329),
	(709,'/sys_home/index','SysHomeController.Index',1,'abc123','{}',1532922404),
	(710,'/sys_home/serverInfo','SysHomeController.ServerInfo',1,'abc123','{}',1532922404),
	(711,'/sys_menu/list_sysmenu','SysMenuController.ListSysMenu',1,'abc123','{}',1532922407),
	(712,'/sys_menu/form_modify_sysmenu?menu_id=26','SysMenuController.FormModifySysMenu',1,'abc123','{\"menu_id\":[\"26\"]}',1532922420),
	(713,'/sys_log/list_syslog','SysLogController.GetSysLogListByPage',1,'abc123','{}',1532922438),
	(714,'/sys_log/list_syslog?page_num=2','SysLogController.GetSysLogListByPage',1,'abc123','{\"page_num\":[\"2\"]}',1532922444),
	(715,'/sys_log/list_syslog?page_num=3','SysLogController.GetSysLogListByPage',1,'abc123','{\"page_num\":[\"3\"]}',1532922444),
	(716,'/sys_log/list_syslog?page_num=4','SysLogController.GetSysLogListByPage',1,'abc123','{\"page_num\":[\"4\"]}',1532922445),
	(717,'/sys_log/list_syslog?page_num=5','SysLogController.GetSysLogListByPage',1,'abc123','{\"page_num\":[\"5\"]}',1532922446),
	(718,'/sys_log/list_syslog?page_num=6','SysLogController.GetSysLogListByPage',1,'abc123','{\"page_num\":[\"6\"]}',1532922464),
	(719,'/sys_menu/list_sysmenu','SysMenuController.ListSysMenu',1,'abc123','{}',1532922477),
	(720,'/sys_role/list_sysrole','SysRoleController.GetSysRoleListByPage',1,'abc123','{}',1532922490),
	(721,'/sys_role/form_add_sysrole','SysRoleController.FormAddSysRole',1,'abc123','{}',1532922491),
	(722,'/sys_menu/list_sysmenu','SysMenuController.ListSysMenu',1,'abc123','{}',1532927774),
	(723,'/sys_menu/form_add_sysmenu','SysMenuController.FormAddSysMenu',1,'abc123','{}',1532927775),
	(724,'/sys_menu/form_add_sysmenu','SysMenuController.FormAddSysMenu',1,'abc123','{}',1532929378),
	(725,'/sys_menu/list_sysmenu','SysMenuController.ListSysMenu',1,'abc123','{}',1532929592),
	(726,'/sys_menu/form_add_sysmenu','SysMenuController.FormAddSysMenu',1,'abc123','{}',1532929594),
	(727,'/sys_home/index','SysHomeController.Index',1,'abc123','{}',1533034081),
	(728,'/sys_home/serverInfo','SysHomeController.ServerInfo',1,'abc123','{}',1533034081),
	(729,'/sys_menu/list_sysmenu','SysMenuController.ListSysMenu',1,'abc123','{}',1533034084),
	(730,'/sys_menu/list_sysmenu','SysMenuController.ListSysMenu',1,'abc123','{}',1533034146),
	(731,'/sys_menu/form_add_sysmenu','SysMenuController.FormAddSysMenu',1,'abc123','{}',1533034148),
	(732,'/sys_menu/form_add_sysmenu','SysMenuController.FormAddSysMenu',1,'abc123','{}',1533034154),
	(733,'/sys_home/index','SysHomeController.Index',1,'abc123','{}',1533034160),
	(734,'/sys_home/serverInfo','SysHomeController.ServerInfo',1,'abc123','{}',1533034160),
	(735,'/sys_menu/list_sysmenu','SysMenuController.ListSysMenu',1,'abc123','{}',1533034162),
	(736,'/sys_role/list_sysrole','SysRoleController.GetSysRoleListByPage',1,'abc123','{}',1533034163),
	(737,'/sys_role/form_add_sysrole','SysRoleController.FormAddSysRole',1,'abc123','{}',1533034166),
	(738,'/sys_role/form_modify_sysrole?role_id=121','SysRoleController.FormModifySysRole',1,'abc123','{\"role_id\":[\"121\"]}',1533034172),
	(739,'/sys_role/form_modify_sysrole?role_id=121','SysRoleController.FormModifySysRole',1,'abc123','{\"role_id\":[\"121\"]}',1533034222),
	(740,'/sys_home/index','SysHomeController.Index',1,'abc123','{}',1533178714),
	(741,'/sys_home/serverInfo','SysHomeController.ServerInfo',1,'abc123','{}',1533178714),
	(742,'/sys_menu/list_sysmenu','SysMenuController.ListSysMenu',1,'abc123','{}',1533178717),
	(743,'/sys_home/index','SysHomeController.Index',1,'abc123','{}',1533293715),
	(744,'/sys_home/serverInfo','SysHomeController.ServerInfo',1,'abc123','{}',1533293715),
	(745,'/sys_menu/list_sysmenu','SysMenuController.ListSysMenu',1,'abc123','{}',1533293717),
	(746,'/sys_menu/form_add_sysmenu','SysMenuController.FormAddSysMenu',1,'abc123','{}',1533293724),
	(747,'/sys_home/index','SysHomeController.Index',1,'abc123','{}',1535621998),
	(748,'/sys_home/serverInfo','SysHomeController.ServerInfo',1,'abc123','{}',1535621998),
	(749,'/sys_menu/list_sysmenu','SysMenuController.ListSysMenu',1,'abc123','{}',1535622003),
	(750,'/sys_role/list_sysrole','SysRoleController.GetSysRoleListByPage',1,'abc123','{}',1535622007),
	(751,'/sys_log/list_syslog','SysLogController.GetSysLogListByPage',1,'abc123','{}',1535622016),
	(752,'/order/order_flow_tongji_tpl','OrderController.OrderFlowTongJiTpl',1,'abc123','{}',1535622027),
	(753,'/order/order_flow_tongji','OrderController.OrderFlowTongJi',1,'abc123','{}',1535622027),
	(754,'/sys_menu/list_sysmenu','SysMenuController.ListSysMenu',1,'abc123','{}',1535622059),
	(755,'/sys_menu/form_modify_sysmenu?menu_id=2','SysMenuController.FormModifySysMenu',1,'abc123','{\"menu_id\":[\"2\"]}',1535622065),
	(756,'/order/order_flow_tongji_tpl','OrderController.OrderFlowTongJiTpl',1,'abc123','{}',1535622073),
	(757,'/order/order_flow_tongji','OrderController.OrderFlowTongJi',1,'abc123','{}',1535622074),
	(758,'/sys_role/list_sysrole','SysRoleController.GetSysRoleListByPage',1,'abc123','{}',1535622094),
	(759,'/sys_log/list_syslog','SysLogController.GetSysLogListByPage',1,'abc123','{}',1535622096),
	(760,'/order/list_order_flow','OrderController.ListOrderFlow',1,'abc123','{}',1535622103),
	(761,'/order/form_add_order_flow','OrderController.FormAddOrderFlow',1,'abc123','{}',1535622108),
	(762,'/sys_menu/list_sysmenu','SysMenuController.ListSysMenu',1,'abc123','{}',1535622204),
	(763,'/sys_home/index','SysHomeController.Index',1,'abc123','{}',1538198821),
	(764,'/sys_home/serverInfo','SysHomeController.ServerInfo',1,'abc123','{}',1538198822),
	(765,'/sys_menu/list_sysmenu','SysMenuController.ListSysMenu',1,'abc123','{}',1538198824),
	(766,'/sys_home/index','SysHomeController.Index',1,'abc123','{}',1546582395),
	(767,'/sys_home/serverInfo','SysHomeController.ServerInfo',1,'abc123','{}',1546582395),
	(768,'/sys_menu/list_sysmenu','SysMenuController.ListSysMenu',1,'abc123','{}',1546582398),
	(769,'/sys_menu/form_modify_sysmenu?menu_id=26','SysMenuController.FormModifySysMenu',1,'abc123','{\"menu_id\":[\"26\"]}',1546582405),
	(770,'/sys_role/list_sysrole','SysRoleController.GetSysRoleListByPage',1,'abc123','{}',1546582418),
	(771,'/sys_role/form_modify_sysrole?role_id=121','SysRoleController.FormModifySysRole',1,'abc123','{\"role_id\":[\"121\"]}',1546582423),
	(772,'/sys_log/list_syslog','SysLogController.GetSysLogListByPage',1,'abc123','{}',1546582433),
	(773,'/order/list_order_flow','OrderController.ListOrderFlow',1,'abc123','{}',1546582448),
	(774,'/order/order_flow_tongji_tpl','OrderController.OrderFlowTongJiTpl',1,'abc123','{}',1546582459),
	(775,'/order/order_flow_tongji','OrderController.OrderFlowTongJi',1,'abc123','{}',1546582460),
	(776,'/sys_menu/list_sysmenu','SysMenuController.ListSysMenu',1,'abc123','{}',1546582466),
	(777,'/sys_menu/list_sysmenu','SysMenuController.ListSysMenu',1,'abc123','{}',1546582468),
	(778,'/sys_menu/form_add_sysmenu','SysMenuController.FormAddSysMenu',1,'abc123','{}',1546582484),
	(779,'/sys_menu/list_sysmenu','SysMenuController.ListSysMenu',1,'abc123','{}',1546583696),
	(780,'/sys_menu/form_modify_sysmenu?menu_id=26','SysMenuController.FormModifySysMenu',1,'abc123','{\"menu_id\":[\"26\"]}',1546583716),
	(781,'/sys_home/index','SysHomeController.Index',1,'abc123','{}',1546851062),
	(782,'/sys_home/serverInfo','SysHomeController.ServerInfo',1,'abc123','{}',1546851062),
	(783,'/sys_menu/list_sysmenu','SysMenuController.ListSysMenu',1,'abc123','{}',1546851066),
	(784,'/sys_role/list_sysrole','SysRoleController.GetSysRoleListByPage',1,'abc123','{}',1546851076),
	(785,'/sys_menu/form_modify_sysmenu?menu_id=2','SysMenuController.FormModifySysMenu',1,'abc123','{\"menu_id\":[\"2\"]}',1546851132);

/*!40000 ALTER TABLE `sys_log` ENABLE KEYS */;
UNLOCK TABLES;


# Dump of table sys_menu
# ------------------------------------------------------------

DROP TABLE IF EXISTS `sys_menu`;

CREATE TABLE `sys_menu` (
  `menu_id` int(11) NOT NULL AUTO_INCREMENT,
  `menu_rootid` int(11) DEFAULT '0' COMMENT '上级id',
  `menu_name` varchar(60) COLLATE utf8_unicode_ci NOT NULL COMMENT '菜单名称',
  `menu_funcs` varchar(1024) COLLATE utf8_unicode_ci DEFAULT '',
  `menu_url` varchar(60) COLLATE utf8_unicode_ci NOT NULL COMMENT '所属类',
  `menu_icon` varchar(50) COLLATE utf8_unicode_ci NOT NULL COMMENT '图标',
  `menu_lock` tinyint(4) NOT NULL COMMENT '锁定',
  `menu_status` tinyint(4) NOT NULL COMMENT '状态',
  `menu_level` tinyint(4) unsigned DEFAULT '0',
  `menu_path` varchar(255) COLLATE utf8_unicode_ci NOT NULL DEFAULT '',
  PRIMARY KEY (`menu_id`),
  KEY `menu_status` (`menu_status`),
  KEY `menu_rootid` (`menu_rootid`)
) ENGINE=MyISAM DEFAULT CHARSET=utf8 COLLATE=utf8_unicode_ci COMMENT='菜单表';

LOCK TABLES `sys_menu` WRITE;
/*!40000 ALTER TABLE `sys_menu` DISABLE KEYS */;

INSERT INTO `sys_menu` (`menu_id`, `menu_rootid`, `menu_name`, `menu_funcs`, `menu_url`, `menu_icon`, `menu_lock`, `menu_status`, `menu_level`, `menu_path`)
VALUES
	(1,0,'系统管理','','','&#xe6ae;',0,1,1,'-1-'),
	(2,1,'菜单列表','[\r\n  {\r\n    \"func_id\": 1,\r\n    \"func_name\": \"ListSysMenu\",\r\n    \"func_desc\": \"菜单列表\"\r\n  },\r\n  {\r\n    \"func_id\": 2,\r\n    \"func_name\": \"FormAddSysMenu\",\r\n    \"func_desc\": \"添加菜单表单\"\r\n  },\r\n  {\r\n    \"func_id\": 3,\r\n    \"func_name\": \"AddSysMenu\",\r\n    \"func_desc\": \"添加菜单\"\r\n  },\r\n  {\r\n    \"func_id\": 4,\r\n    \"func_name\": \"FormModifySysMenu\",\r\n    \"func_desc\": \"修改菜单表单\"\r\n  },\r\n  {\r\n    \"func_id\": 5,\r\n    \"func_name\": \"SaveSysMenu\",\r\n    \"func_desc\": \"保存菜单修改\"\r\n  },\r\n  {\r\n    \"func_id\": 6,\r\n    \"func_name\": \"ModifySysMenuStatus\",\r\n    \"func_desc\": \"修改表单状态\"\r\n  },\r\n  {\r\n    \"func_id\": 7,\r\n    \"func_name\": \"DeleteSysMenu\",\r\n    \"func_desc\": \"删除菜单\"\r\n  }\r\n]','SysMenuController.ListSysMenu','',0,1,2,'-1-2-'),
	(3,1,'角色列表','[\r\n  {\r\n    \"func_id\": 1,\r\n    \"func_name\": \"GetSysRoleListByPage\",\r\n    \"func_desc\": \"菜单列表\"\r\n  },\r\n  {\r\n    \"func_id\": 2,\r\n    \"func_name\": \"FormAddSysRole\",\r\n    \"func_desc\": \"添加菜单表单\"\r\n  },\r\n  {\r\n    \"func_id\": 3,\r\n    \"func_name\": \"AddSysRole\",\r\n    \"func_desc\": \"添加菜单\"\r\n  },\r\n  {\r\n    \"func_id\": 4,\r\n    \"func_name\": \"FormModifySysRole\",\r\n    \"func_desc\": \"修改菜单表单\"\r\n  },\r\n  {\r\n    \"func_id\": 5,\r\n    \"func_name\": \"SaveSysRole\",\r\n    \"func_desc\": \"保存菜单修改\"\r\n  },\r\n  {\r\n    \"func_id\": 6,\r\n    \"func_name\": \"ModifySysRoleStatus\",\r\n    \"func_desc\": \"修改表单状态\"\r\n  },\r\n  {\r\n    \"func_id\": 7,\r\n    \"func_name\": \"DeleteSysRole\",\r\n    \"func_desc\": \"删除菜单\"\r\n  }\r\n]','SysRoleController.GetSysRoleListByPage','',0,1,2,'-1-3-'),
	(37,0,'统计管理','','','&#xe6ce;',0,1,1,'-37-'),
	(38,37,'会员统计','','','',0,1,2,'-37-38-'),
	(39,37,'文章统计','','','',0,1,2,'-37-39-'),
	(40,23,'订单流水','[\r\n  {\r\n    \"func_id\": 1,\r\n    \"func_name\": \"ListOrderFlow\",\r\n    \"func_desc\": \"订单流水列表\"\r\n  },\r\n  {\r\n    \"func_id\": 2,\r\n    \"func_name\": \"FormAddOrderFlow\",\r\n    \"func_desc\": \"订单流水表单\"\r\n  },\r\n  {\r\n    \"func_id\": 3,\r\n    \"func_name\": \"DeleteOrderFlow\",\r\n    \"func_desc\": \"删除订单流水\"\r\n  },\r\n  {\r\n    \"func_id\": 4,\r\n    \"func_name\": \"AddOrderFlow\",\r\n    \"func_desc\": \"添加订单流水\"\r\n  }\r\n]','OrderController.ListOrderFlow','',0,1,2,'-23-40-'),
	(41,37,'流水统计','[\r\n  {\r\n    \"func_id\": 1,\r\n    \"func_name\": \"OrderFlowTongJiTpl\",\r\n    \"func_desc\": \"销售统计页面\"\r\n  }\r\n]','OrderController.OrderFlowTongJiTpl','',0,1,2,'-37-41-'),
	(36,35,'商品列表','','','',0,1,2,'-35-36-'),
	(32,1,'操作日志','[\r\n  {\r\n    \"func_id\": 1,\r\n    \"func_name\": \"GetSysLogListByPage\",\r\n    \"func_desc\": \"操作日志列表\"\r\n  },\r\n  {\r\n    \"func_id\": 2,\r\n    \"func_name\": \"DeleteSysLog\",\r\n    \"func_desc\": \"操作日志删除\"\r\n  }\r\n]','SysLogController.GetSysLogListByPage','',0,1,2,'-1-32-'),
	(33,0,'广告管理','','','&#xe6fc;',0,1,1,'-33-'),
	(34,33,'广告列表','','','',0,1,2,'-33-34-'),
	(35,0,'商品管理','','','&#xe728;',0,1,1,'-35-'),
	(21,0,'会员管理','','','&#xe6b8;',0,1,1,'-21-'),
	(22,21,'会员列表','[\r\n  {\r\n    \"func_id\": 1,\r\n    \"func_name\": \"PersonHomePage\",\r\n    \"func_desc\": \"菜单列表\"\r\n  }\r\n]','SysUserController.PersonHomePage','',0,1,2,'-21-22-'),
	(23,0,'订单管理','','','&#xe723;',0,1,1,'-23-'),
	(24,23,'订单列表','','OrderController.ListOrder','',0,1,2,'-23-24-'),
	(26,1,'用户列表','[\r\n  {\r\n    \"func_id\": 1,\r\n    \"func_name\": \"ListSysUser\",\r\n    \"func_desc\": \"用户列表\"\r\n  },\r\n  {\r\n    \"func_id\": 2,\r\n    \"func_name\": \"FormAddSysUser\",\r\n    \"func_desc\": \"添加用户表单\"\r\n  },\r\n  {\r\n    \"func_id\": 3,\r\n    \"func_name\": \"AddSysUser\",\r\n    \"func_desc\": \"添加用户\"\r\n  },\r\n  {\r\n    \"func_id\": 4,\r\n    \"func_name\": \"FormModifySysUser\",\r\n    \"func_desc\": \"修改用户表单\"\r\n  },\r\n  {\r\n    \"func_id\": 5,\r\n    \"func_name\": \"SaveSysUser\",\r\n    \"func_desc\": \"保存用户修改\"\r\n  },\r\n  {\r\n    \"func_id\": 6,\r\n    \"func_name\": \"ModifySysUserStatus\",\r\n    \"func_desc\": \"修改用户状态\"\r\n  },\r\n  {\r\n    \"func_id\": 7,\r\n    \"func_name\": \"DeleteSysUser\",\r\n    \"func_desc\": \"删除用户\"\r\n  }\r\n]','SysUserController.GetSysUserListByPage','',0,1,2,'-1-26-'),
	(27,0,'文章管理','','','&#xe705;',0,1,1,'-27-'),
	(28,27,'文章列表','','','',0,1,2,'-27-28-'),
	(29,21,'评论列表','','','',0,1,2,'-21-29-'),
	(30,0,'分类管理','','','&#xe699;',0,1,1,'-30-'),
	(31,30,'分类列表','','','',0,1,2,'-30-31-');

/*!40000 ALTER TABLE `sys_menu` ENABLE KEYS */;
UNLOCK TABLES;


# Dump of table sys_role
# ------------------------------------------------------------

DROP TABLE IF EXISTS `sys_role`;

CREATE TABLE `sys_role` (
  `role_id` int(11) unsigned NOT NULL AUTO_INCREMENT COMMENT '角色ID',
  `role_name` varchar(60) COLLATE utf8_unicode_ci NOT NULL COMMENT '角色名称',
  `intro` text COLLATE utf8_unicode_ci COMMENT '角色介绍',
  `role_status` tinyint(4) NOT NULL DEFAULT '0' COMMENT '状态',
  `create_time` int(10) unsigned NOT NULL DEFAULT '0',
  `update_time` int(10) unsigned NOT NULL DEFAULT '0',
  PRIMARY KEY (`role_id`),
  KEY `role_status` (`role_status`)
) ENGINE=MyISAM DEFAULT CHARSET=utf8 COLLATE=utf8_unicode_ci COMMENT='角色表';

LOCK TABLES `sys_role` WRITE;
/*!40000 ALTER TABLE `sys_role` DISABLE KEYS */;

INSERT INTO `sys_role` (`role_id`, `role_name`, `intro`, `role_status`, `create_time`, `update_time`)
VALUES
	(121,'测试123','qwwww',1,0,0);

/*!40000 ALTER TABLE `sys_role` ENABLE KEYS */;
UNLOCK TABLES;


# Dump of table sys_role_menu_map
# ------------------------------------------------------------

DROP TABLE IF EXISTS `sys_role_menu_map`;

CREATE TABLE `sys_role_menu_map` (
  `role_id` int(11) NOT NULL COMMENT '角色id',
  `menu_id` int(11) NOT NULL COMMENT '菜单id',
  `action_id` varchar(255) COLLATE utf8_unicode_ci DEFAULT NULL COMMENT '操作权限',
  KEY `role_id` (`role_id`),
  KEY `menu_id` (`menu_id`)
) ENGINE=MyISAM DEFAULT CHARSET=utf8 COLLATE=utf8_unicode_ci COMMENT='权限表';

LOCK TABLES `sys_role_menu_map` WRITE;
/*!40000 ALTER TABLE `sys_role_menu_map` DISABLE KEYS */;

INSERT INTO `sys_role_menu_map` (`role_id`, `menu_id`, `action_id`)
VALUES
	(121,22,'0'),
	(121,21,'0'),
	(121,3,'3'),
	(121,3,'2'),
	(121,3,'0'),
	(121,1,'0'),
	(121,2,'4'),
	(121,2,'1'),
	(121,2,'0'),
	(121,1,'0');

/*!40000 ALTER TABLE `sys_role_menu_map` ENABLE KEYS */;
UNLOCK TABLES;


# Dump of table sys_user
# ------------------------------------------------------------

DROP TABLE IF EXISTS `sys_user`;

CREATE TABLE `sys_user` (
  `user_id` int(10) unsigned NOT NULL AUTO_INCREMENT COMMENT '用户id',
  `user_name` varchar(64) COLLATE utf8_unicode_ci NOT NULL COMMENT '登录名',
  `nick_name` varchar(64) COLLATE utf8_unicode_ci NOT NULL COMMENT '昵称',
  `role_id` varchar(64) COLLATE utf8_unicode_ci NOT NULL COMMENT '角色id',
  `photo` char(128) COLLATE utf8_unicode_ci NOT NULL DEFAULT '' COMMENT '头像',
  `password` char(32) COLLATE utf8_unicode_ci NOT NULL COMMENT '密码',
  `salt` char(6) COLLATE utf8_unicode_ci NOT NULL COMMENT '密码盐值',
  `email` char(64) COLLATE utf8_unicode_ci NOT NULL DEFAULT '',
  `mobile` char(32) COLLATE utf8_unicode_ci NOT NULL DEFAULT '',
  `create_time` int(10) unsigned NOT NULL DEFAULT '0',
  `update_time` int(10) unsigned zerofill DEFAULT NULL,
  `last_time` int(10) unsigned NOT NULL DEFAULT '0',
  `last_ip` char(15) COLLATE utf8_unicode_ci NOT NULL DEFAULT '',
  `login_count` int(11) unsigned NOT NULL DEFAULT '0',
  `user_type` tinyint(4) unsigned NOT NULL DEFAULT '0',
  `user_status` tinyint(4) unsigned NOT NULL DEFAULT '1',
  PRIMARY KEY (`user_id`),
  KEY `status` (`user_status`),
  KEY `email` (`email`),
  KEY `mobile` (`mobile`)
) ENGINE=MyISAM DEFAULT CHARSET=utf8 COLLATE=utf8_unicode_ci COMMENT='用户表';

LOCK TABLES `sys_user` WRITE;
/*!40000 ALTER TABLE `sys_user` DISABLE KEYS */;

INSERT INTO `sys_user` (`user_id`, `user_name`, `nick_name`, `role_id`, `photo`, `password`, `salt`, `email`, `mobile`, `create_time`, `update_time`, `last_time`, `last_ip`, `login_count`, `user_type`, `user_status`)
VALUES
	(1,'abc123','超级管理员','1,2,3','','e99a18c428cb38d5f260853678922e03','','','',0,NULL,0,'',0,1,1),
	(2,'nihao','销售','121','','e99a18c428cb38d5f260853678922e03','','','',0,NULL,0,'',0,0,1);

/*!40000 ALTER TABLE `sys_user` ENABLE KEYS */;
UNLOCK TABLES;



/*!40111 SET SQL_NOTES=@OLD_SQL_NOTES */;
/*!40101 SET SQL_MODE=@OLD_SQL_MODE */;
/*!40014 SET FOREIGN_KEY_CHECKS=@OLD_FOREIGN_KEY_CHECKS */;
/*!40101 SET CHARACTER_SET_CLIENT=@OLD_CHARACTER_SET_CLIENT */;
/*!40101 SET CHARACTER_SET_RESULTS=@OLD_CHARACTER_SET_RESULTS */;
/*!40101 SET COLLATION_CONNECTION=@OLD_COLLATION_CONNECTION */;
